course_id,course_code,course_title,credits,semester,year,instructor_id,enrollment,pass_rate,avg_rating
CRS_00000000,ASTR218,Astronomy 218,3,Fall,2024,FAC_00000581,169,0.978,4.5
CRS_00000001,PHYS426,Physics 426,4,Spring,2018,FAC_00000507,29,0.789,4.1
CRS_00000002,ASTR245,Astronomy 245,3,Spring,2022,FAC_00000550,77,0.836,4.3
CRS_00000003,PHYS462,Physics 462,3,Spring,2017,FAC_00000014,137,0.978,4.2
CRS_00000004,ASTR372,Astronomy 372,3,Fall,2018,FAC_00000215,34,0.763,3.6
CRS_00000005,MARIN210,Marine Science 210,3,Fall,2025,FAC_00000272,116,0.975,3.9
CRS_00000006,MARIN549,Marine Science 549,4,Fall,2016,FAC_00000221,220,0.889,3.1
CRS_00000007,MARIN307,Marine Science 307,3,Spring,2026,FAC_00000003,24,0.872,4.7
CRS_00000008,ASTR507,Astronomy 507,2,Fall,2026,FAC_00000603,227,0.754,4.5
CRS_00000009,CHEM423,Chemistry 423,3,Spring,2026,FAC_00000116,128,0.914,3.8
CRS_00000010,MATH542,Mathematics 542,3,Fall,2018,FAC_00000122,164,0.808,3.6
CRS_00000011,STAT227,Statistics 227,3,Fall,2018,FAC_00000241,167,0.917,3.3
CRS_00000012,ASTR136,Astronomy 136,3,Fall,2025,FAC_00000523,159,0.946,4.4
CRS_00000013,BIO571,Biology 571,4,Spring,2017,FAC_00000194,246,0.874,3.7
CRS_00000014,STAT232,Statistics 232,1,Summer,2023,FAC_00000605,34,0.776,4.8
CRS_00000015,ASTR266,Astronomy 266,3,Spring,2018,FAC_00000640,143,0.776,4.8
CRS_00000016,BIO472,Biology 472,3,Spring,2021,FAC_00000229,97,0.929,3.7
CRS_00000017,MATH209,Mathematics 209,4,Summer,2023,FAC_00000590,72,0.816,3.8
CRS_00000018,MATH479,Mathematics 479,2,Fall,2020,FAC_00000655,112,0.806,4.8
CRS_00000019,STAT163,Statistics 163,4,Summer,2018,FAC_00000290,34,0.825,3.5
CRS_00000020,MARIN174,Marine Science 174,4,Fall,2019,FAC_00000326,111,0.98,4.3
CRS_00000021,PHYS512,Physics 512,3,Spring,2022,FAC_00000324,17,0.872,4.1
CRS_00000022,MATH470,Mathematics 470,3,Spring,2016,FAC_00000653,236,0.952,4.6
CRS_00000023,BIO243,Biology 243,3,Spring,2016,FAC_00000486,17,0.841,3.4
CRS_00000024,ASTR304,Astronomy 304,3,Spring,2020,FAC_00000342,182,0.863,4.0
CRS_00000025,STAT507,Statistics 507,3,Spring,2021,FAC_00000108,246,0.917,4.0
CRS_00000026,CHEM235,Chemistry 235,3,Spring,2020,FAC_00000119,216,0.835,3.5
CRS_00000027,GEO150,Geology 150,3,Fall,2026,FAC_00000188,80,0.921,3.7
CRS_00000028,ASTR371,Astronomy 371,2,Fall,2026,FAC_00000515,195,0.815,3.9
CRS_00000029,STAT571,Statistics 571,1,Fall,2023,FAC_00000086,46,0.96,4.5
CRS_00000030,MARIN375,Marine Science 375,3,Fall,2017,FAC_00000430,99,0.788,4.4
CRS_00000031,MATH220,Mathematics 220,3,Spring,2017,FAC_00000062,93,0.963,4.1
CRS_00000032,BIO528,Biology 528,4,Fall,2024,FAC_00000199,222,0.785,4.2
CRS_00000033,GEO301,Geology 301,3,Fall,2016,FAC_00000402,176,0.895,4.5
CRS_00000034,MATH418,Mathematics 418,3,Fall,2018,FAC_00000059,42,0.962,4.5
CRS_00000035,STAT115,Statistics 115,4,Fall,2019,FAC_00000592,179,0.979,3.7
CRS_00000036,ASTR134,Astronomy 134,3,Spring,2023,FAC_00000505,17,0.801,4.2
CRS_00000037,CHEM124,Chemistry 124,2,Fall,2021,FAC_00000150,64,0.979,3.9
CRS_00000038,CHEM390,Chemistry 390,2,Spring,2020,FAC_00000069,119,0.829,3.6
CRS_00000039,MARIN369,Marine Science 369,4,Spring,2019,FAC_00000201,86,0.797,3.6
CRS_00000040,GEO385,Geology 385,3,Spring,2025,FAC_00000688,102,0.888,4.5
CRS_00000041,BIO582,Biology 582,3,Spring,2016,FAC_00000300,49,0.879,4.2
CRS_00000042,PHYS585,Physics 585,3,Summer,2019,FAC_00000419,237,0.932,3.9
CRS_00000043,MARIN576,Marine Science 576,3,Fall,2017,FAC_00000200,215,0.866,3.9
CRS_00000044,MARIN356,Marine Science 356,3,Spring,2026,FAC_00000145,181,0.976,4.5
CRS_00000045,MARIN145,Marine Science 145,3,Spring,2022,FAC_00000559,204,0.839,5.0
CRS_00000046,STAT393,Statistics 393,4,Spring,2023,FAC_00000092,107,0.821,3.6
CRS_00000047,MATH495,Mathematics 495,2,Fall,2018,FAC_00000322,182,0.87,4.6
CRS_00000048,CHEM337,Chemistry 337,3,Spring,2023,FAC_00000626,220,0.953,4.3
CRS_00000049,ASTR226,Astronomy 226,3,Fall,2023,FAC_00000310,110,0.78,4.5
CRS_00000050,GEO464,Geology 464,4,Spring,2017,FAC_00000556,136,0.81,3.1
CRS_00000051,MARIN308,Marine Science 308,3,Summer,2025,FAC_00000644,171,0.776,3.4
CRS_00000052,MATH355,Mathematics 355,4,Summer,2024,FAC_00000623,58,0.783,3.9
CRS_00000053,CHEM436,Chemistry 436,3,Spring,2019,FAC_00000293,81,0.936,3.3
CRS_00000054,MATH479,Mathematics 479,3,Fall,2018,FAC_00000665,146,0.833,4.1
CRS_00000055,BIO546,Biology 546,4,Fall,2016,FAC_00000166,188,0.903,4.6
CRS_00000056,GEO591,Geology 591,4,Spring,2020,FAC_00000093,183,0.915,3.2
CRS_00000057,PHYS229,Physics 229,3,Spring,2024,FAC_00000143,127,0.848,4.0
CRS_00000058,CHEM596,Chemistry 596,2,Fall,2026,FAC_00000190,109,0.861,4.8
CRS_00000059,MATH137,Mathematics 137,3,Spring,2023,FAC_00000053,211,0.911,4.3
CRS_00000060,MARIN568,Marine Science 568,3,Spring,2020,FAC_00000065,115,0.892,3.4
CRS_00000061,BIO143,Biology 143,3,Summer,2025,FAC_00000155,201,0.87,4.5
CRS_00000062,ASTR189,Astronomy 189,3,Fall,2018,FAC_00000012,193,0.933,3.4
CRS_00000063,CHEM344,Chemistry 344,4,Fall,2022,FAC_00000179,234,0.974,3.9
CRS_00000064,MATH542,Mathematics 542,2,Fall,2018,FAC_00000011,68,0.906,4.3
CRS_00000065,ASTR370,Astronomy 370,3,Fall,2017,FAC_00000456,22,0.79,4.9
CRS_00000066,CHEM300,Chemistry 300,3,Spring,2023,FAC_00000347,85,0.97,4.1
CRS_00000067,STAT517,Statistics 517,3,Spring,2022,FAC_00000136,56,0.943,3.4
CRS_00000068,BIO127,Biology 127,3,Fall,2023,FAC_00000429,155,0.773,4.2
CRS_00000069,CHEM423,Chemistry 423,3,Fall,2019,FAC_00000428,71,0.899,4.7
CRS_00000070,BIO176,Biology 176,3,Spring,2017,FAC_00000036,43,0.853,4.6
CRS_00000071,CHEM366,Chemistry 366,3,Spring,2022,FAC_00000672,197,0.781,3.9
CRS_00000072,MATH180,Mathematics 180,4,Fall,2020,FAC_00000094,51,0.772,3.9
CRS_00000073,MATH596,Mathematics 596,3,Fall,2017,FAC_00000254,96,0.899,4.8
CRS_00000074,MATH368,Mathematics 368,3,Spring,2026,FAC_00000623,172,0.94,3.8
CRS_00000075,PHYS558,Physics 558,3,Fall,2018,FAC_00000699,195,0.939,3.3
CRS_00000076,CHEM337,Chemistry 337,2,Fall,2024,FAC_00000414,191,0.851,4.2
CRS_00000077,PHYS180,Physics 180,3,Spring,2022,FAC_00000041,94,0.799,4.2
CRS_00000078,MARIN199,Marine Science 199,3,Spring,2016,FAC_00000049,137,0.785,4.3
CRS_00000079,PHYS500,Physics 500,3,Fall,2022,FAC_00000095,204,0.882,4.4
CRS_00000080,CHEM521,Chemistry 521,3,Fall,2019,FAC_00000526,223,0.787,3.3
CRS_00000081,PHYS192,Physics 192,3,Fall,2018,FAC_00000389,161,0.815,3.8
CRS_00000082,MARIN291,Marine Science 291,3,Fall,2019,FAC_00000468,110,0.784,3.0
CRS_00000083,GEO528,Geology 528,3,Fall,2023,FAC_00000021,22,0.911,4.8
CRS_00000084,ASTR492,Astronomy 492,3,Spring,2021,FAC_00000347,127,0.89,3.7
CRS_00000085,CHEM327,Chemistry 327,3,Spring,2025,FAC_00000598,155,0.899,3.7
CRS_00000086,BIO183,Biology 183,2,Fall,2025,FAC_00000549,105,0.933,4.3
CRS_00000087,ASTR299,Astronomy 299,3,Fall,2025,FAC_00000406,48,0.915,3.7
CRS_00000088,CHEM377,Chemistry 377,3,Spring,2016,FAC_00000022,186,0.793,3.6
CRS_00000089,GEO226,Geology 226,3,Spring,2024,FAC_00000007,77,0.804,4.2
CRS_00000090,CHEM254,Chemistry 254,3,Fall,2020,FAC_00000459,49,0.848,3.8
CRS_00000091,MARIN299,Marine Science 299,3,Summer,2020,FAC_00000443,197,0.941,3.6
CRS_00000092,MATH245,Mathematics 245,3,Fall,2019,FAC_00000156,206,0.801,3.7
CRS_00000093,MARIN373,Marine Science 373,3,Spring,2021,FAC_00000454,238,0.852,4.5
CRS_00000094,ASTR129,Astronomy 129,3,Spring,2025,FAC_00000056,92,0.811,4.3
CRS_00000095,PHYS175,Physics 175,3,Summer,2025,FAC_00000042,57,0.932,4.5
CRS_00000096,BIO494,Biology 494,1,Fall,2016,FAC_00000414,93,0.774,3.6
CRS_00000097,CHEM485,Chemistry 485,4,Spring,2017,FAC_00000697,227,0.924,3.3
CRS_00000098,CHEM552,Chemistry 552,3,Fall,2021,FAC_00000345,82,0.81,3.5
CRS_00000099,BIO420,Biology 420,4,Fall,2021,FAC_00000603,38,0.836,4.8
CRS_00000100,MATH320,Mathematics 320,3,Fall,2017,FAC_00000565,150,0.968,4.2
CRS_00000101,CHEM356,Chemistry 356,3,Spring,2022,FAC_00000692,128,0.893,3.9
CRS_00000102,CHEM255,Chemistry 255,1,Summer,2017,FAC_00000116,139,0.751,2.9
CRS_00000103,PHYS500,Physics 500,3,Fall,2016,FAC_00000265,210,0.808,4.2
CRS_00000104,STAT191,Statistics 191,3,Spring,2016,FAC_00000484,239,0.828,3.6
CRS_00000105,MARIN237,Marine Science 237,2,Fall,2017,FAC_00000012,173,0.955,3.8
CRS_00000106,ASTR243,Astronomy 243,2,Summer,2024,FAC_00000634,116,0.869,4.2
CRS_00000107,MARIN201,Marine Science 201,3,Spring,2025,FAC_00000328,145,0.886,3.6
CRS_00000108,CHEM337,Chemistry 337,3,Fall,2023,FAC_00000226,233,0.975,4.2
CRS_00000109,MATH127,Mathematics 127,3,Spring,2022,FAC_00000500,38,0.964,4.2
CRS_00000110,BIO503,Biology 503,3,Spring,2019,FAC_00000119,245,0.96,4.4
CRS_00000111,PHYS251,Physics 251,3,Spring,2023,FAC_00000172,229,0.899,4.6
CRS_00000112,GEO118,Geology 118,3,Summer,2023,FAC_00000171,154,0.751,4.0
CRS_00000113,MATH375,Mathematics 375,4,Spring,2017,FAC_00000296,134,0.807,4.3
CRS_00000114,CHEM242,Chemistry 242,3,Fall,2025,FAC_00000272,202,0.759,4.5
CRS_00000115,GEO247,Geology 247,4,Spring,2016,FAC_00000081,34,0.932,4.2
CRS_00000116,BIO575,Biology 575,4,Fall,2016,FAC_00000226,46,0.86,3.7
CRS_00000117,MARIN531,Marine Science 531,3,Spring,2023,FAC_00000568,207,0.846,4.4
CRS_00000118,BIO361,Biology 361,3,Summer,2021,FAC_00000224,38,0.963,4.4
CRS_00000119,MATH228,Mathematics 228,3,Fall,2020,FAC_00000303,169,0.979,3.3
CRS_00000120,ASTR542,Astronomy 542,3,Spring,2019,FAC_00000155,23,0.92,4.5
CRS_00000121,ASTR563,Astronomy 563,4,Spring,2020,FAC_00000053,60,0.833,3.9
CRS_00000122,STAT457,Statistics 457,2,Summer,2016,FAC_00000460,87,0.817,4.2
CRS_00000123,BIO541,Biology 541,3,Fall,2017,FAC_00000675,54,0.772,4.6
CRS_00000124,MATH355,Mathematics 355,4,Fall,2016,FAC_00000267,194,0.902,3.3
CRS_00000125,ASTR392,Astronomy 392,3,Spring,2019,FAC_00000504,79,0.936,3.3
CRS_00000126,GEO326,Geology 326,3,Summer,2024,FAC_00000199,93,0.876,4.1
CRS_00000127,ASTR211,Astronomy 211,3,Fall,2024,FAC_00000235,248,0.782,3.7
CRS_00000128,CHEM394,Chemistry 394,2,Spring,2022,FAC_00000280,179,0.974,3.8
CRS_00000129,BIO144,Biology 144,4,Fall,2025,FAC_00000615,20,0.902,4.4
CRS_00000130,ASTR470,Astronomy 470,3,Fall,2019,FAC_00000317,122,0.785,4.5
CRS_00000131,BIO450,Biology 450,3,Fall,2026,FAC_00000332,30,0.869,3.9
CRS_00000132,MATH579,Mathematics 579,3,Spring,2026,FAC_00000536,178,0.968,4.4
CRS_00000133,MARIN111,Marine Science 111,3,Fall,2026,FAC_00000238,93,0.947,4.2
CRS_00000134,ASTR384,Astronomy 384,3,Spring,2025,FAC_00000353,230,0.918,4.6
CRS_00000135,GEO109,Geology 109,3,Spring,2022,FAC_00000656,59,0.909,4.0
CRS_00000136,BIO583,Biology 583,3,Fall,2018,FAC_00000524,193,0.885,4.5
CRS_00000137,BIO252,Biology 252,3,Summer,2017,FAC_00000096,65,0.865,3.9
CRS_00000138,STAT578,Statistics 578,3,Fall,2020,FAC_00000315,129,0.84,3.7
CRS_00000139,MATH185,Mathematics 185,3,Fall,2018,FAC_00000653,59,0.897,4.6
CRS_00000140,CHEM322,Chemistry 322,1,Fall,2024,FAC_00000363,43,0.868,4.1
CRS_00000141,PHYS316,Physics 316,2,Summer,2019,FAC_00000694,115,0.973,3.7
CRS_00000142,MATH524,Mathematics 524,3,Fall,2025,FAC_00000037,67,0.976,4.3
CRS_00000143,CHEM176,Chemistry 176,3,Fall,2024,FAC_00000476,35,0.911,3.7
CRS_00000144,GEO494,Geology 494,3,Spring,2023,FAC_00000609,119,0.965,4.3
CRS_00000145,MARIN437,Marine Science 437,3,Fall,2024,FAC_00000051,199,0.947,4.4
CRS_00000146,MATH406,Mathematics 406,1,Spring,2021,FAC_00000295,158,0.768,3.8
CRS_00000147,ASTR178,Astronomy 178,3,Fall,2022,FAC_00000076,190,0.793,3.7
CRS_00000148,ASTR554,Astronomy 554,3,Fall,2024,FAC_00000351,178,0.863,3.1
CRS_00000149,STAT370,Statistics 370,4,Summer,2024,FAC_00000309,37,0.866,3.8
CRS_00000150,MARIN505,Marine Science 505,3,Fall,2026,FAC_00000351,155,0.788,3.8
CRS_00000151,BIO497,Biology 497,3,Spring,2020,FAC_00000143,132,0.799,4.0
CRS_00000152,MATH201,Mathematics 201,2,Spring,2016,FAC_00000143,109,0.866,3.8
CRS_00000153,ASTR477,Astronomy 477,3,Summer,2020,FAC_00000260,53,0.965,5.0
CRS_00000154,BIO118,Biology 118,3,Fall,2024,FAC_00000207,128,0.949,4.7
CRS_00000155,CHEM519,Chemistry 519,3,Fall,2016,FAC_00000567,175,0.951,4.1
CRS_00000156,MARIN111,Marine Science 111,3,Spring,2025,FAC_00000102,125,0.793,4.3
CRS_00000157,MATH270,Mathematics 270,4,Fall,2024,FAC_00000460,179,0.964,4.4
CRS_00000158,BIO251,Biology 251,3,Spring,2023,FAC_00000072,171,0.852,4.4
CRS_00000159,MARIN543,Marine Science 543,2,Fall,2025,FAC_00000049,174,0.948,4.0
CRS_00000160,PHYS259,Physics 259,2,Summer,2024,FAC_00000522,26,0.902,4.1
CRS_00000161,STAT117,Statistics 117,2,Spring,2020,FAC_00000235,85,0.931,3.6
CRS_00000162,BIO377,Biology 377,3,Fall,2017,FAC_00000007,175,0.961,4.1
CRS_00000163,PHYS250,Physics 250,3,Fall,2016,FAC_00000041,122,0.8,4.5
CRS_00000164,ASTR234,Astronomy 234,3,Fall,2016,FAC_00000439,238,0.888,4.2
CRS_00000165,STAT144,Statistics 144,4,Fall,2023,FAC_00000227,143,0.762,3.8
CRS_00000166,MARIN307,Marine Science 307,3,Fall,2020,FAC_00000431,16,0.772,4.5
CRS_00000167,PHYS333,Physics 333,3,Spring,2018,FAC_00000007,152,0.805,4.2
CRS_00000168,GEO359,Geology 359,3,Spring,2026,FAC_00000686,48,0.771,4.0
CRS_00000169,PHYS302,Physics 302,4,Fall,2024,FAC_00000452,88,0.951,3.5
CRS_00000170,CHEM167,Chemistry 167,2,Fall,2022,FAC_00000407,216,0.799,4.1
CRS_00000171,PHYS526,Physics 526,4,Fall,2019,FAC_00000596,95,0.801,4.1
CRS_00000172,CHEM180,Chemistry 180,3,Spring,2025,FAC_00000489,97,0.777,4.2
CRS_00000173,MATH523,Mathematics 523,3,Spring,2017,FAC_00000359,145,0.898,3.4
CRS_00000174,CHEM307,Chemistry 307,3,Spring,2024,FAC_00000251,222,0.832,4.9
CRS_00000175,CHEM559,Chemistry 559,3,Spring,2017,FAC_00000436,197,0.777,3.8
CRS_00000176,GEO232,Geology 232,3,Spring,2021,FAC_00000315,39,0.777,3.8
CRS_00000177,STAT234,Statistics 234,3,Fall,2023,FAC_00000561,167,0.796,3.8
CRS_00000178,ASTR142,Astronomy 142,3,Fall,2021,FAC_00000450,142,0.881,4.1
CRS_00000179,MATH497,Mathematics 497,3,Fall,2020,FAC_00000048,214,0.796,3.5
CRS_00000180,CHEM506,Chemistry 506,4,Spring,2019,FAC_00000697,166,0.895,4.2
CRS_00000181,BIO352,Biology 352,3,Fall,2024,FAC_00000543,30,0.797,4.3
CRS_00000182,PHYS240,Physics 240,4,Fall,2019,FAC_00000498,164,0.762,4.2
CRS_00000183,MATH103,Mathematics 103,3,Spring,2016,FAC_00000011,221,0.881,3.7
CRS_00000184,PHYS369,Physics 369,3,Summer,2019,FAC_00000581,189,0.78,3.4
CRS_00000185,MATH404,Mathematics 404,3,Spring,2017,FAC_00000446,140,0.972,3.8
CRS_00000186,MARIN493,Marine Science 493,3,Spring,2020,FAC_00000678,65,0.927,4.2
CRS_00000187,PHYS536,Physics 536,4,Fall,2022,FAC_00000321,94,0.856,4.0
CRS_00000188,BIO291,Biology 291,3,Fall,2024,FAC_00000521,78,0.769,4.3
CRS_00000189,MARIN389,Marine Science 389,2,Fall,2021,FAC_00000084,164,0.975,3.4
CRS_00000190,MATH569,Mathematics 569,3,Spring,2024,FAC_00000190,196,0.784,4.5
CRS_00000191,PHYS489,Physics 489,3,Spring,2024,FAC_00000245,29,0.938,3.1
CRS_00000192,BIO185,Biology 185,3,Fall,2023,FAC_00000226,209,0.79,3.6
CRS_00000193,BIO432,Biology 432,3,Fall,2018,FAC_00000365,224,0.951,4.1
CRS_00000194,MATH474,Mathematics 474,3,Spring,2018,FAC_00000176,21,0.828,4.7
CRS_00000195,STAT582,Statistics 582,3,Fall,2025,FAC_00000098,201,0.843,3.5
CRS_00000196,MARIN289,Marine Science 289,3,Spring,2020,FAC_00000404,99,0.769,4.0
CRS_00000197,ASTR343,Astronomy 343,3,Fall,2021,FAC_00000009,188,0.755,2.9
CRS_00000198,CHEM554,Chemistry 554,2,Spring,2017,FAC_00000297,112,0.75,4.2
CRS_00000199,GEO586,Geology 586,3,Fall,2018,FAC_00000104,232,0.939,3.7
CRS_00000200,ASTR199,Astronomy 199,3,Spring,2021,FAC_00000149,149,0.788,3.9
CRS_00000201,MARIN241,Marine Science 241,2,Fall,2023,FAC_00000346,130,0.801,3.4
CRS_00000202,PHYS549,Physics 549,3,Fall,2022,FAC_00000348,233,0.825,4.7
CRS_00000203,CHEM512,Chemistry 512,3,Fall,2026,FAC_00000485,129,0.864,5.0
CRS_00000204,GEO355,Geology 355,3,Fall,2017,FAC_00000582,33,0.925,3.5
CRS_00000205,ASTR131,Astronomy 131,2,Spring,2024,FAC_00000253,29,0.974,4.5
CRS_00000206,BIO337,Biology 337,1,Fall,2019,FAC_00000660,81,0.948,4.2
CRS_00000207,STAT413,Statistics 413,4,Summer,2018,FAC_00000450,116,0.952,4.3
CRS_00000208,GEO524,Geology 524,3,Spring,2021,FAC_00000077,30,0.867,3.3
CRS_00000209,ASTR409,Astronomy 409,2,Spring,2026,FAC_00000210,225,0.896,3.5
CRS_00000210,ASTR171,Astronomy 171,3,Fall,2018,FAC_00000612,43,0.922,4.8
CRS_00000211,MATH286,Mathematics 286,3,Spring,2024,FAC_00000263,206,0.965,3.6
CRS_00000212,BIO523,Biology 523,3,Spring,2017,FAC_00000071,247,0.952,4.0
CRS_00000213,STAT358,Statistics 358,2,Fall,2021,FAC_00000277,127,0.787,4.1
CRS_00000214,MATH543,Mathematics 543,3,Fall,2019,FAC_00000535,142,0.973,4.1
CRS_00000215,MARIN498,Marine Science 498,3,Spring,2017,FAC_00000224,131,0.912,3.7
CRS_00000216,BIO171,Biology 171,4,Fall,2019,FAC_00000698,224,0.953,3.7
CRS_00000217,PHYS300,Physics 300,3,Spring,2019,FAC_00000149,102,0.951,4.1
CRS_00000218,MATH322,Mathematics 322,4,Spring,2018,FAC_00000602,122,0.814,4.0
CRS_00000219,ASTR103,Astronomy 103,3,Fall,2019,FAC_00000332,137,0.834,4.2
CRS_00000220,CHEM253,Chemistry 253,3,Spring,2019,FAC_00000247,92,0.875,4.0
CRS_00000221,MATH445,Mathematics 445,3,Fall,2021,FAC_00000011,209,0.952,3.8
CRS_00000222,MATH486,Mathematics 486,4,Spring,2026,FAC_00000409,21,0.928,4.1
CRS_00000223,GEO202,Geology 202,3,Fall,2026,FAC_00000616,140,0.804,3.6
CRS_00000224,GEO341,Geology 341,3,Fall,2024,FAC_00000318,243,0.797,3.7
CRS_00000225,MATH503,Mathematics 503,3,Fall,2023,FAC_00000039,44,0.812,4.6
CRS_00000226,MATH202,Mathematics 202,4,Fall,2022,FAC_00000678,141,0.751,4.3
CRS_00000227,MARIN388,Marine Science 388,3,Fall,2024,FAC_00000184,200,0.919,3.7
CRS_00000228,MATH402,Mathematics 402,4,Summer,2019,FAC_00000115,67,0.827,3.3
CRS_00000229,BIO146,Biology 146,3,Spring,2020,FAC_00000377,32,0.809,4.6
CRS_00000230,MARIN181,Marine Science 181,4,Spring,2019,FAC_00000109,139,0.819,4.1
CRS_00000231,BIO540,Biology 540,3,Spring,2018,FAC_00000381,221,0.898,4.6
CRS_00000232,BIO145,Biology 145,1,Fall,2020,FAC_00000078,241,0.925,4.5
CRS_00000233,PHYS115,Physics 115,3,Spring,2022,FAC_00000675,160,0.772,3.6
CRS_00000234,GEO188,Geology 188,4,Fall,2020,FAC_00000360,230,0.885,3.9
CRS_00000235,GEO133,Geology 133,4,Spring,2025,FAC_00000443,42,0.833,3.9
CRS_00000236,CHEM263,Chemistry 263,3,Spring,2022,FAC_00000461,29,0.83,3.8
CRS_00000237,CHEM209,Chemistry 209,2,Spring,2026,FAC_00000191,202,0.899,4.5
CRS_00000238,ASTR287,Astronomy 287,3,Fall,2018,FAC_00000465,86,0.855,4.5
CRS_00000239,PHYS247,Physics 247,3,Fall,2024,FAC_00000206,36,0.788,4.2
CRS_00000240,STAT319,Statistics 319,3,Spring,2026,FAC_00000324,134,0.885,3.3
CRS_00000241,MARIN254,Marine Science 254,3,Spring,2023,FAC_00000230,171,0.854,4.7
CRS_00000242,STAT221,Statistics 221,3,Fall,2019,FAC_00000687,192,0.882,3.4
CRS_00000243,MATH261,Mathematics 261,2,Fall,2016,FAC_00000029,100,0.941,2.9
CRS_00000244,MARIN334,Marine Science 334,2,Spring,2017,FAC_00000578,102,0.776,3.5
CRS_00000245,MATH587,Mathematics 587,3,Spring,2024,FAC_00000058,224,0.904,4.1
CRS_00000246,GEO329,Geology 329,3,Spring,2019,FAC_00000281,27,0.851,2.7
CRS_00000247,ASTR219,Astronomy 219,3,Spring,2017,FAC_00000002,164,0.793,4.0
CRS_00000248,MARIN468,Marine Science 468,3,Fall,2023,FAC_00000589,28,0.884,3.9
CRS_00000249,MARIN423,Marine Science 423,3,Spring,2016,FAC_00000618,245,0.868,3.6
CRS_00000250,PHYS542,Physics 542,3,Fall,2018,FAC_00000140,156,0.918,3.9
CRS_00000251,ASTR153,Astronomy 153,3,Spring,2017,FAC_00000087,194,0.782,3.3
CRS_00000252,MATH459,Mathematics 459,3,Fall,2022,FAC_00000115,218,0.851,3.8
CRS_00000253,ASTR505,Astronomy 505,3,Spring,2020,FAC_00000420,175,0.871,4.2
CRS_00000254,CHEM420,Chemistry 420,4,Spring,2019,FAC_00000488,218,0.771,2.9
CRS_00000255,ASTR165,Astronomy 165,3,Fall,2016,FAC_00000539,160,0.91,3.5
CRS_00000256,CHEM379,Chemistry 379,3,Fall,2021,FAC_00000156,34,0.869,4.8
CRS_00000257,MARIN279,Marine Science 279,3,Spring,2019,FAC_00000636,188,0.783,3.6
CRS_00000258,GEO142,Geology 142,2,Spring,2021,FAC_00000597,122,0.801,3.5
CRS_00000259,MATH574,Mathematics 574,3,Summer,2024,FAC_00000498,231,0.767,4.1
CRS_00000260,MARIN531,Marine Science 531,3,Summer,2025,FAC_00000203,245,0.834,3.3
CRS_00000261,MATH166,Mathematics 166,3,Fall,2025,FAC_00000384,213,0.88,4.3
CRS_00000262,ASTR545,Astronomy 545,3,Summer,2024,FAC_00000344,19,0.798,3.8
CRS_00000263,PHYS175,Physics 175,3,Spring,2026,FAC_00000521,137,0.874,3.9
CRS_00000264,MARIN354,Marine Science 354,1,Spring,2021,FAC_00000494,29,0.909,4.3
CRS_00000265,GEO220,Geology 220,3,Spring,2024,FAC_00000212,218,0.808,4.2
CRS_00000266,MATH418,Mathematics 418,2,Fall,2023,FAC_00000010,34,0.762,4.1
CRS_00000267,MARIN281,Marine Science 281,3,Fall,2025,FAC_00000323,218,0.968,4.1
CRS_00000268,CHEM484,Chemistry 484,3,Fall,2024,FAC_00000254,64,0.858,3.0
CRS_00000269,MATH152,Mathematics 152,3,Summer,2025,FAC_00000390,59,0.838,3.2
CRS_00000270,ASTR597,Astronomy 597,4,Fall,2016,FAC_00000423,193,0.822,5.0
CRS_00000271,GEO137,Geology 137,4,Spring,2019,FAC_00000021,71,0.755,3.4
CRS_00000272,STAT437,Statistics 437,3,Spring,2019,FAC_00000004,45,0.966,3.7
CRS_00000273,ASTR268,Astronomy 268,3,Summer,2018,FAC_00000438,240,0.892,4.0
CRS_00000274,GEO491,Geology 491,3,Fall,2018,FAC_00000500,141,0.871,5.0
CRS_00000275,BIO369,Biology 369,3,Summer,2023,FAC_00000325,87,0.856,4.1
CRS_00000276,MATH425,Mathematics 425,3,Fall,2020,FAC_00000297,226,0.969,4.0
CRS_00000277,BIO303,Biology 303,4,Spring,2024,FAC_00000155,210,0.85,3.8
CRS_00000278,GEO351,Geology 351,3,Summer,2017,FAC_00000459,204,0.855,3.1
CRS_00000279,MATH224,Mathematics 224,1,Summer,2017,FAC_00000085,141,0.837,4.8
CRS_00000280,ASTR307,Astronomy 307,4,Fall,2021,FAC_00000477,184,0.977,5.0
CRS_00000281,PHYS491,Physics 491,4,Fall,2017,FAC_00000512,233,0.907,3.0
CRS_00000282,ASTR485,Astronomy 485,2,Fall,2024,FAC_00000450,86,0.858,4.3
CRS_00000283,STAT591,Statistics 591,2,Fall,2016,FAC_00000115,237,0.868,3.3
CRS_00000284,CHEM101,Chemistry 101,4,Fall,2026,FAC_00000073,113,0.771,4.2
CRS_00000285,MATH381,Mathematics 381,3,Spring,2021,FAC_00000538,28,0.878,4.4
CRS_00000286,BIO119,Biology 119,3,Summer,2025,FAC_00000688,110,0.799,4.3
CRS_00000287,CHEM403,Chemistry 403,3,Fall,2023,FAC_00000550,24,0.978,3.4
CRS_00000288,STAT401,Statistics 401,3,Summer,2026,FAC_00000666,29,0.772,4.3
CRS_00000289,GEO453,Geology 453,3,Spring,2017,FAC_00000556,238,0.928,3.2
CRS_00000290,MARIN579,Marine Science 579,3,Spring,2020,FAC_00000098,41,0.812,3.3
CRS_00000291,STAT254,Statistics 254,2,Fall,2021,FAC_00000386,53,0.846,4.3
CRS_00000292,PHYS333,Physics 333,3,Spring,2024,FAC_00000546,23,0.754,3.4
CRS_00000293,ASTR328,Astronomy 328,4,Fall,2019,FAC_00000064,87,0.799,4.3
CRS_00000294,STAT309,Statistics 309,3,Spring,2017,FAC_00000566,82,0.894,3.9
CRS_00000295,GEO480,Geology 480,3,Spring,2019,FAC_00000566,19,0.876,3.8
CRS_00000296,MARIN229,Marine Science 229,4,Spring,2018,FAC_00000692,156,0.81,5.0
CRS_00000297,MARIN561,Marine Science 561,3,Spring,2025,FAC_00000417,58,0.754,3.8
CRS_00000298,CHEM197,Chemistry 197,3,Fall,2020,FAC_00000474,230,0.934,3.0
CRS_00000299,ASTR229,Astronomy 229,3,Spring,2026,FAC_00000258,129,0.82,4.8
CRS_00000300,MATH386,Mathematics 386,3,Spring,2021,FAC_00000079,152,0.85,3.8
CRS_00000301,MATH291,Mathematics 291,1,Summer,2018,FAC_00000351,216,0.773,3.9
CRS_00000302,MARIN290,Marine Science 290,4,Fall,2017,FAC_00000652,80,0.855,4.8
CRS_00000303,GEO448,Geology 448,4,Spring,2016,FAC_00000082,21,0.792,4.6
CRS_00000304,STAT492,Statistics 492,3,Fall,2019,FAC_00000465,213,0.879,3.4
CRS_00000305,MATH442,Mathematics 442,3,Spring,2021,FAC_00000479,89,0.924,3.8
CRS_00000306,CHEM435,Chemistry 435,3,Spring,2021,FAC_00000344,226,0.807,3.9
CRS_00000307,PHYS303,Physics 303,3,Spring,2025,FAC_00000183,217,0.893,3.4
CRS_00000308,MATH224,Mathematics 224,3,Fall,2020,FAC_00000535,27,0.918,3.7
CRS_00000309,MATH575,Mathematics 575,3,Summer,2020,FAC_00000165,149,0.868,5.0
CRS_00000310,PHYS311,Physics 311,3,Spring,2025,FAC_00000514,166,0.82,4.0
CRS_00000311,MATH403,Mathematics 403,3,Spring,2016,FAC_00000509,153,0.863,3.8
CRS_00000312,ASTR187,Astronomy 187,2,Fall,2016,FAC_00000089,187,0.808,3.7
CRS_00000313,ASTR199,Astronomy 199,1,Spring,2019,FAC_00000533,83,0.755,4.5
CRS_00000314,STAT166,Statistics 166,4,Fall,2020,FAC_00000266,148,0.831,3.9
CRS_00000315,MATH109,Mathematics 109,3,Fall,2017,FAC_00000632,19,0.975,3.9
CRS_00000316,CHEM111,Chemistry 111,3,Spring,2022,FAC_00000691,205,0.797,4.1
CRS_00000317,BIO314,Biology 314,3,Fall,2019,FAC_00000262,180,0.79,4.0
CRS_00000318,PHYS589,Physics 589,3,Summer,2023,FAC_00000117,238,0.766,4.4
CRS_00000319,GEO493,Geology 493,4,Spring,2016,FAC_00000150,71,0.88,4.2
CRS_00000320,PHYS131,Physics 131,3,Spring,2019,FAC_00000162,116,0.963,4.1
CRS_00000321,MARIN349,Marine Science 349,3,Spring,2023,FAC_00000428,85,0.8,5.0
CRS_00000322,ASTR500,Astronomy 500,3,Spring,2022,FAC_00000561,97,0.952,4.1
CRS_00000323,CHEM465,Chemistry 465,4,Fall,2022,FAC_00000679,146,0.924,3.5
CRS_00000324,MARIN224,Marine Science 224,3,Fall,2016,FAC_00000479,243,0.801,4.6
CRS_00000325,PHYS522,Physics 522,1,Spring,2019,FAC_00000639,110,0.922,3.6
CRS_00000326,MARIN434,Marine Science 434,2,Spring,2021,FAC_00000265,144,0.97,3.9
CRS_00000327,CHEM381,Chemistry 381,3,Fall,2021,FAC_00000086,17,0.973,2.7
CRS_00000328,MARIN342,Marine Science 342,4,Fall,2017,FAC_00000631,19,0.925,4.0
CRS_00000329,PHYS144,Physics 144,3,Spring,2016,FAC_00000367,101,0.946,3.9
CRS_00000330,ASTR166,Astronomy 166,3,Fall,2022,FAC_00000519,103,0.801,3.7
CRS_00000331,BIO103,Biology 103,4,Fall,2026,FAC_00000360,111,0.761,3.8
CRS_00000332,MARIN368,Marine Science 368,3,Spring,2021,FAC_00000190,131,0.926,3.6
CRS_00000333,BIO129,Biology 129,3,Fall,2019,FAC_00000593,150,0.932,3.3
CRS_00000334,STAT565,Statistics 565,3,Fall,2021,FAC_00000575,216,0.765,4.3
CRS_00000335,PHYS156,Physics 156,3,Fall,2025,FAC_00000529,244,0.955,4.2
CRS_00000336,MATH294,Mathematics 294,3,Spring,2016,FAC_00000329,122,0.95,3.6
CRS_00000337,STAT291,Statistics 291,3,Fall,2026,FAC_00000551,98,0.891,4.3
CRS_00000338,PHYS157,Physics 157,3,Spring,2025,FAC_00000519,187,0.846,3.0
CRS_00000339,ASTR395,Astronomy 395,4,Spring,2025,FAC_00000344,116,0.959,3.0
CRS_00000340,PHYS221,Physics 221,3,Fall,2016,FAC_00000126,190,0.906,4.3
CRS_00000341,STAT379,Statistics 379,3,Fall,2025,FAC_00000087,92,0.783,4.1
CRS_00000342,BIO189,Biology 189,2,Spring,2020,FAC_00000207,182,0.764,3.7
CRS_00000343,STAT538,Statistics 538,2,Spring,2025,FAC_00000484,46,0.956,4.9
CRS_00000344,STAT495,Statistics 495,4,Fall,2020,FAC_00000542,21,0.945,4.2
CRS_00000345,STAT476,Statistics 476,3,Spring,2025,FAC_00000381,52,0.853,4.5
CRS_00000346,MARIN121,Marine Science 121,3,Spring,2018,FAC_00000569,91,0.937,3.9
CRS_00000347,ASTR192,Astronomy 192,3,Summer,2020,FAC_00000271,57,0.823,4.4
CRS_00000348,MARIN408,Marine Science 408,2,Fall,2026,FAC_00000059,169,0.967,3.9
CRS_00000349,CHEM515,Chemistry 515,3,Spring,2021,FAC_00000281,190,0.912,4.5
CRS_00000350,GEO402,Geology 402,3,Spring,2017,FAC_00000320,161,0.952,4.4
CRS_00000351,PHYS307,Physics 307,3,Fall,2017,FAC_00000375,101,0.793,3.8
CRS_00000352,MARIN527,Marine Science 527,4,Fall,2022,FAC_00000473,56,0.951,4.4
CRS_00000353,MATH187,Mathematics 187,3,Spring,2018,FAC_00000102,242,0.805,3.5
CRS_00000354,MARIN369,Marine Science 369,1,Fall,2021,FAC_00000039,89,0.851,4.2
CRS_00000355,ASTR410,Astronomy 410,3,Summer,2018,FAC_00000329,61,0.79,4.2
CRS_00000356,ASTR493,Astronomy 493,3,Spring,2026,FAC_00000267,226,0.875,4.7
CRS_00000357,CHEM254,Chemistry 254,3,Fall,2020,FAC_00000592,240,0.821,4.8
CRS_00000358,PHYS298,Physics 298,3,Spring,2021,FAC_00000090,207,0.801,4.0
CRS_00000359,BIO242,Biology 242,2,Spring,2026,FAC_00000418,58,0.765,3.9
CRS_00000360,STAT224,Statistics 224,3,Fall,2018,FAC_00000599,228,0.95,3.3
CRS_00000361,CHEM115,Chemistry 115,4,Spring,2020,FAC_00000697,233,0.87,3.5
CRS_00000362,PHYS238,Physics 238,3,Spring,2026,FAC_00000308,158,0.759,4.2
CRS_00000363,BIO252,Biology 252,3,Fall,2025,FAC_00000673,144,0.806,3.4
CRS_00000364,ASTR185,Astronomy 185,3,Spring,2026,FAC_00000393,30,0.829,3.8
CRS_00000365,PHYS326,Physics 326,3,Spring,2023,FAC_00000642,139,0.943,4.4
CRS_00000366,PHYS197,Physics 197,3,Spring,2026,FAC_00000249,18,0.858,4.5
CRS_00000367,ASTR183,Astronomy 183,3,Spring,2018,FAC_00000351,90,0.966,3.7
CRS_00000368,GEO551,Geology 551,4,Fall,2024,FAC_00000568,95,0.968,3.9
CRS_00000369,CHEM433,Chemistry 433,3,Fall,2025,FAC_00000493,154,0.799,4.2
CRS_00000370,MATH559,Mathematics 559,3,Spring,2025,FAC_00000676,54,0.847,4.6
CRS_00000371,STAT553,Statistics 553,3,Spring,2018,FAC_00000143,108,0.947,3.4
CRS_00000372,CHEM219,Chemistry 219,3,Spring,2023,FAC_00000019,130,0.884,4.0
CRS_00000373,MATH579,Mathematics 579,3,Spring,2024,FAC_00000609,218,0.83,3.6
CRS_00000374,MARIN500,Marine Science 500,3,Fall,2023,FAC_00000081,211,0.865,3.7
CRS_00000375,GEO273,Geology 273,2,Spring,2017,FAC_00000641,87,0.82,4.5
CRS_00000376,ASTR228,Astronomy 228,3,Spring,2020,FAC_00000068,65,0.772,3.7
CRS_00000377,CHEM376,Chemistry 376,3,Spring,2026,FAC_00000266,40,0.969,3.6
CRS_00000378,GEO539,Geology 539,3,Summer,2026,FAC_00000481,40,0.901,4.7
CRS_00000379,STAT110,Statistics 110,3,Spring,2024,FAC_00000494,202,0.811,4.7
CRS_00000380,MARIN278,Marine Science 278,3,Fall,2021,FAC_00000110,56,0.851,4.0
CRS_00000381,GEO449,Geology 449,3,Fall,2022,FAC_00000383,27,0.877,4.4
CRS_00000382,GEO400,Geology 400,3,Summer,2020,FAC_00000423,148,0.922,3.5
CRS_00000383,CHEM581,Chemistry 581,2,Spring,2020,FAC_00000442,232,0.793,4.0
CRS_00000384,MATH495,Mathematics 495,4,Fall,2023,FAC_00000558,233,0.771,4.5
CRS_00000385,BIO451,Biology 451,3,Fall,2026,FAC_00000443,39,0.808,3.2
CRS_00000386,CHEM561,Chemistry 561,4,Fall,2019,FAC_00000152,200,0.978,3.9
CRS_00000387,STAT317,Statistics 317,3,Fall,2018,FAC_00000074,218,0.818,3.3
CRS_00000388,BIO570,Biology 570,2,Summer,2019,FAC_00000188,168,0.937,4.6
CRS_00000389,PHYS121,Physics 121,2,Spring,2026,FAC_00000286,31,0.913,4.9
CRS_00000390,CHEM454,Chemistry 454,2,Fall,2025,FAC_00000386,86,0.917,4.1
CRS_00000391,PHYS182,Physics 182,3,Fall,2017,FAC_00000341,197,0.884,5.0
CRS_00000392,MARIN173,Marine Science 173,1,Spring,2022,FAC_00000600,248,0.862,3.4
CRS_00000393,GEO163,Geology 163,4,Fall,2021,FAC_00000237,243,0.901,4.0
CRS_00000394,GEO288,Geology 288,4,Fall,2016,FAC_00000613,161,0.931,4.1
CRS_00000395,BIO233,Biology 233,2,Spring,2016,FAC_00000398,105,0.842,3.4
CRS_00000396,PHYS357,Physics 357,3,Summer,2016,FAC_00000592,246,0.886,4.2
CRS_00000397,CHEM506,Chemistry 506,3,Fall,2020,FAC_00000699,162,0.935,4.1
CRS_00000398,PHYS462,Physics 462,3,Fall,2020,FAC_00000565,127,0.798,3.8
CRS_00000399,MARIN240,Marine Science 240,4,Fall,2020,FAC_00000631,241,0.89,4.4
CRS_00000400,BIO268,Biology 268,3,Spring,2024,FAC_00000335,91,0.972,4.1
CRS_00000401,MARIN430,Marine Science 430,3,Fall,2018,FAC_00000262,166,0.969,4.2
CRS_00000402,MARIN267,Marine Science 267,3,Spring,2024,FAC_00000199,215,0.974,3.9
CRS_00000403,STAT113,Statistics 113,3,Spring,2017,FAC_00000217,227,0.758,3.5
CRS_00000404,STAT367,Statistics 367,3,Spring,2016,FAC_00000252,112,0.827,3.8
CRS_00000405,GEO185,Geology 185,4,Spring,2020,FAC_00000636,41,0.859,4.7
CRS_00000406,STAT539,Statistics 539,3,Fall,2021,FAC_00000302,36,0.979,3.8
CRS_00000407,CHEM444,Chemistry 444,3,Summer,2024,FAC_00000526,134,0.762,3.6
CRS_00000408,BIO233,Biology 233,1,Fall,2016,FAC_00000379,37,0.902,4.2
CRS_00000409,MARIN472,Marine Science 472,3,Spring,2018,FAC_00000279,69,0.908,4.3
CRS_00000410,ASTR272,Astronomy 272,3,Fall,2025,FAC_00000559,84,0.944,4.3
CRS_00000411,BIO104,Biology 104,3,Spring,2018,FAC_00000626,132,0.889,3.9
CRS_00000412,MARIN423,Marine Science 423,3,Spring,2018,FAC_00000128,135,0.862,3.2
CRS_00000413,MATH155,Mathematics 155,3,Spring,2022,FAC_00000620,154,0.753,3.8
CRS_00000414,MATH493,Mathematics 493,1,Spring,2025,FAC_00000166,22,0.965,4.3
CRS_00000415,CHEM490,Chemistry 490,3,Fall,2019,FAC_00000348,172,0.756,4.0
CRS_00000416,ASTR393,Astronomy 393,3,Fall,2020,FAC_00000229,44,0.895,3.9
CRS_00000417,PHYS247,Physics 247,3,Spring,2021,FAC_00000312,229,0.899,3.8
CRS_00000418,GEO474,Geology 474,4,Spring,2022,FAC_00000608,190,0.975,5.0
CRS_00000419,MARIN291,Marine Science 291,2,Fall,2025,FAC_00000472,206,0.827,4.1
CRS_00000420,MATH279,Mathematics 279,1,Spring,2018,FAC_00000434,80,0.778,4.3
CRS_00000421,CHEM236,Chemistry 236,3,Summer,2016,FAC_00000048,238,0.832,3.9
CRS_00000422,CHEM201,Chemistry 201,2,Fall,2025,FAC_00000628,227,0.864,3.1
CRS_00000423,STAT572,Statistics 572,3,Fall,2018,FAC_00000253,89,0.839,3.5
CRS_00000424,PHYS309,Physics 309,2,Spring,2023,FAC_00000423,188,0.849,4.8
CRS_00000425,GEO127,Geology 127,3,Fall,2021,FAC_00000076,236,0.915,4.0
CRS_00000426,PHYS435,Physics 435,3,Spring,2021,FAC_00000338,52,0.846,3.5
CRS_00000427,BIO129,Biology 129,3,Spring,2018,FAC_00000271,84,0.869,4.5
CRS_00000428,GEO543,Geology 543,3,Summer,2023,FAC_00000272,41,0.874,5.0
CRS_00000429,MATH382,Mathematics 382,3,Spring,2025,FAC_00000013,70,0.878,4.1
CRS_00000430,MARIN317,Marine Science 317,3,Spring,2024,FAC_00000037,212,0.834,3.5
CRS_00000431,STAT159,Statistics 159,3,Spring,2026,FAC_00000522,162,0.961,3.2
CRS_00000432,PHYS291,Physics 291,3,Spring,2017,FAC_00000362,196,0.952,3.8
CRS_00000433,MARIN112,Marine Science 112,3,Spring,2023,FAC_00000196,42,0.977,3.7
CRS_00000434,ASTR289,Astronomy 289,3,Summer,2019,FAC_00000393,162,0.941,2.6
CRS_00000435,GEO163,Geology 163,3,Fall,2017,FAC_00000587,90,0.885,3.6
CRS_00000436,MARIN118,Marine Science 118,3,Fall,2021,FAC_00000532,162,0.911,4.8
CRS_00000437,MATH206,Mathematics 206,3,Spring,2021,FAC_00000671,25,0.829,4.1
CRS_00000438,ASTR448,Astronomy 448,3,Spring,2016,FAC_00000176,245,0.759,4.1
CRS_00000439,PHYS218,Physics 218,3,Spring,2018,FAC_00000664,67,0.97,4.4
CRS_00000440,MARIN420,Marine Science 420,3,Spring,2020,FAC_00000080,28,0.935,4.5
CRS_00000441,CHEM452,Chemistry 452,3,Fall,2025,FAC_00000286,31,0.92,3.6
CRS_00000442,CHEM534,Chemistry 534,4,Spring,2016,FAC_00000356,28,0.847,3.4
CRS_00000443,GEO423,Geology 423,3,Spring,2022,FAC_00000098,137,0.866,3.8
CRS_00000444,GEO296,Geology 296,3,Fall,2017,FAC_00000131,120,0.947,4.3
CRS_00000445,MARIN361,Marine Science 361,3,Spring,2021,FAC_00000021,92,0.963,4.6
CRS_00000446,MATH531,Mathematics 531,3,Summer,2025,FAC_00000637,89,0.799,3.9
CRS_00000447,CHEM509,Chemistry 509,3,Fall,2020,FAC_00000057,199,0.855,4.5
CRS_00000448,PHYS389,Physics 389,1,Spring,2022,FAC_00000621,90,0.867,3.5
CRS_00000449,STAT555,Statistics 555,3,Spring,2023,FAC_00000178,105,0.921,4.5
CRS_00000450,BIO528,Biology 528,3,Fall,2021,FAC_00000492,62,0.893,5.0
CRS_00000451,MATH503,Mathematics 503,3,Spring,2017,FAC_00000678,180,0.751,4.6
CRS_00000452,GEO218,Geology 218,3,Fall,2023,FAC_00000315,86,0.955,4.1
CRS_00000453,CHEM505,Chemistry 505,3,Spring,2016,FAC_00000295,150,0.876,3.9
CRS_00000454,GEO103,Geology 103,3,Fall,2017,FAC_00000234,221,0.781,4.3
CRS_00000455,ASTR366,Astronomy 366,3,Spring,2024,FAC_00000533,40,0.909,3.2
CRS_00000456,ASTR371,Astronomy 371,3,Fall,2018,FAC_00000078,21,0.938,4.2
CRS_00000457,STAT314,Statistics 314,3,Spring,2022,FAC_00000519,71,0.885,3.7
CRS_00000458,CHEM410,Chemistry 410,3,Fall,2016,FAC_00000157,108,0.97,3.6
CRS_00000459,MARIN279,Marine Science 279,3,Fall,2021,FAC_00000119,142,0.861,4.3
CRS_00000460,GEO382,Geology 382,4,Fall,2022,FAC_00000636,237,0.979,4.0
CRS_00000461,ASTR478,Astronomy 478,4,Fall,2018,FAC_00000340,69,0.938,4.3
CRS_00000462,ASTR126,Astronomy 126,3,Spring,2020,FAC_00000400,236,0.816,4.8
CRS_00000463,GEO161,Geology 161,4,Summer,2025,FAC_00000446,53,0.851,3.5
CRS_00000464,CHEM243,Chemistry 243,3,Fall,2023,FAC_00000494,76,0.775,3.0
CRS_00000465,PHYS200,Physics 200,3,Spring,2017,FAC_00000323,221,0.859,4.1
CRS_00000466,ASTR381,Astronomy 381,3,Fall,2024,FAC_00000004,172,0.916,3.0
CRS_00000467,MARIN260,Marine Science 260,2,Spring,2026,FAC_00000385,38,0.971,4.5
CRS_00000468,MARIN353,Marine Science 353,3,Fall,2020,FAC_00000185,49,0.955,3.9
CRS_00000469,MARIN238,Marine Science 238,3,Fall,2017,FAC_00000005,39,0.868,2.8
CRS_00000470,STAT515,Statistics 515,3,Fall,2019,FAC_00000118,139,0.84,3.5
CRS_00000471,STAT434,Statistics 434,4,Fall,2021,FAC_00000055,169,0.824,4.2
CRS_00000472,BIO137,Biology 137,3,Fall,2021,FAC_00000140,82,0.969,3.9
CRS_00000473,ASTR350,Astronomy 350,3,Fall,2025,FAC_00000277,246,0.927,4.6
CRS_00000474,MATH338,Mathematics 338,3,Fall,2017,FAC_00000382,141,0.977,4.0
CRS_00000475,MATH361,Mathematics 361,3,Fall,2022,FAC_00000397,132,0.966,4.6
CRS_00000476,STAT413,Statistics 413,3,Spring,2019,FAC_00000475,121,0.814,3.4
CRS_00000477,PHYS226,Physics 226,3,Spring,2021,FAC_00000673,240,0.905,4.1
CRS_00000478,BIO129,Biology 129,2,Spring,2023,FAC_00000250,22,0.784,4.6
CRS_00000479,BIO163,Biology 163,2,Spring,2026,FAC_00000125,88,0.85,3.8
CRS_00000480,CHEM158,Chemistry 158,2,Fall,2020,FAC_00000193,75,0.854,4.4
CRS_00000481,MATH390,Mathematics 390,3,Spring,2022,FAC_00000140,218,0.81,3.8
CRS_00000482,STAT116,Statistics 116,3,Fall,2022,FAC_00000402,177,0.921,4.2
CRS_00000483,GEO558,Geology 558,3,Spring,2022,FAC_00000602,227,0.765,3.5
CRS_00000484,MARIN533,Marine Science 533,3,Spring,2017,FAC_00000520,49,0.769,4.1
CRS_00000485,ASTR378,Astronomy 378,3,Spring,2020,FAC_00000314,79,0.948,4.2
CRS_00000486,PHYS225,Physics 225,3,Spring,2017,FAC_00000095,43,0.888,5.0
CRS_00000487,STAT573,Statistics 573,3,Fall,2016,FAC_00000282,248,0.943,4.1
CRS_00000488,MATH541,Mathematics 541,1,Summer,2018,FAC_00000683,25,0.958,4.3
CRS_00000489,PHYS458,Physics 458,3,Fall,2026,FAC_00000258,164,0.802,3.7
CRS_00000490,ASTR208,Astronomy 208,4,Spring,2025,FAC_00000540,147,0.838,3.9
CRS_00000491,BIO117,Biology 117,3,Spring,2021,FAC_00000354,94,0.967,2.8
CRS_00000492,PHYS343,Physics 343,2,Spring,2026,FAC_00000251,83,0.977,2.4
CRS_00000493,MATH315,Mathematics 315,3,Spring,2025,FAC_00000106,113,0.761,4.2
CRS_00000494,PHYS434,Physics 434,3,Fall,2018,FAC_00000486,38,0.935,3.7
CRS_00000495,MARIN401,Marine Science 401,4,Fall,2024,FAC_00000667,214,0.967,4.1
CRS_00000496,STAT316,Statistics 316,3,Summer,2020,FAC_00000040,222,0.891,4.3
CRS_00000497,STAT596,Statistics 596,3,Fall,2026,FAC_00000049,61,0.755,3.8
CRS_00000498,MATH551,Mathematics 551,3,Spring,2020,FAC_00000173,239,0.797,4.6
CRS_00000499,MATH153,Mathematics 153,3,Fall,2026,FAC_00000325,231,0.857,4.2
