faculty_id,rank,hire_date,department,salary,employment_status,tenure_status,research_focus
FAC_00000000,Assistant Professor,2004-11-02,Department of Astronomy,116967,Active,Tenure-Track,Statistics
FAC_00000001,Associate Professor,2005-08-14,Department of Mathematics,155898,Active,Tenured,Chemistry
FAC_00000002,Full Professor,2001-07-07,Marine Science Institute,257081,Active,Tenured,Astronomy
FAC_00000003,Lecturer,2012-11-10,Department of Mathematics,78326,Active,Non-Tenure-Track,Biology
FAC_00000004,Assistant Professor,2016-10-25,Department of Statistics,71622,Active,Tenure-Track,Geology
FAC_00000005,Associate Professor,2010-04-23,Department of Biology,97815,Active,Tenured,Environmental Science
FAC_00000006,Associate Professor,2017-04-19,Marine Science Institute,103690,Active,Tenured,Environmental Science
FAC_00000007,Lecturer,2012-07-12,Department of Physics,80369,Active,Non-Tenure-Track,Biology
FAC_00000008,Full Professor,2015-01-10,Department of Biology,216943,Active,Tenured,Biology
FAC_00000009,Assistant Professor,2010-11-20,Marine Science Institute,97593,Active,Tenure-Track,Statistics
FAC_00000010,Assistant Professor,2017-07-06,Department of Mathematics,79974,Active,Tenure-Track,Statistics
FAC_00000011,Assistant Professor,2016-08-07,Department of Physics,95322,Active,Tenure-Track,Astronomy
FAC_00000012,Assistant Professor,2002-03-28,Department of Biology,80082,Active,Tenure-Track,Chemistry
FAC_00000013,Associate Professor,2001-03-13,Department of Astronomy,136519,Active,Tenured,Environmental Science
FAC_00000014,Associate Professor,2000-03-14,Department of Biology,142237,Active,Tenure-Track,Neuroscience
FAC_00000015,Full Professor,2008-02-03,Department of Chemistry,229525,Active,Tenured,Chemistry
FAC_00000016,Associate Professor,2004-05-05,Department of Statistics,139258,Active,Tenured,Astronomy
FAC_00000017,Assistant Professor,2008-05-07,Department of Physics,110148,Active,Tenure-Track,Neuroscience
FAC_00000018,Associate Professor,2023-07-22,Department of Physics,100828,Active,Tenured,Neuroscience
FAC_00000019,Assistant Professor,2006-03-27,Department of Statistics,92603,Active,Tenure-Track,Neuroscience
FAC_00000020,Assistant Professor,2005-12-11,Marine Science Institute,73500,Active,Tenure-Track,Biology
FAC_00000021,Associate Professor,2018-11-18,Department of Chemistry,144777,Active,Tenured,Environmental Science
FAC_00000022,Associate Professor,2008-12-11,Department of Physics,150307,On Leave,Tenured,Mathematics
FAC_00000023,Associate Professor,2020-05-22,Department of Mathematics,125274,Active,Tenured,Environmental Science
FAC_00000024,Associate Professor,2006-03-04,Marine Science Institute,112299,Active,Tenure-Track,Geology
FAC_00000025,Associate Professor,2022-11-17,Department of Physics,108043,Active,Tenure-Track,Astronomy
FAC_00000026,Assistant Professor,2009-09-21,Department of Chemistry,82449,Active,Tenure-Track,Statistics
FAC_00000027,Assistant Professor,2010-01-18,Department of Astronomy,71793,Active,Tenure-Track,Geology
FAC_00000028,Adjunct,2006-12-16,Marine Science Institute,44585,On Leave,Non-Tenure-Track,Mathematics
FAC_00000029,Assistant Professor,2009-10-22,Department of Physics,76214,On Leave,Tenure-Track,Mathematics
FAC_00000030,Adjunct,2002-10-04,Department of Astronomy,31503,Active,Non-Tenure-Track,Marine Science
FAC_00000031,Assistant Professor,2014-12-20,Department of Statistics,101294,Active,Tenure-Track,Statistics
FAC_00000032,Assistant Professor,2015-07-05,Department of Mathematics,89648,Active,Tenure-Track,Geology
FAC_00000033,Associate Professor,2015-11-08,Department of Astronomy,131900,Active,Tenured,Marine Science
FAC_00000034,Full Professor,2006-12-10,Department of Chemistry,178915,Active,Tenured,Environmental Science
FAC_00000035,Associate Professor,2023-12-03,Department of Astronomy,137846,Active,Tenured,Neuroscience
FAC_00000036,Assistant Professor,2011-11-20,Marine Science Institute,108495,Active,Tenure-Track,Neuroscience
FAC_00000037,Full Professor,2024-10-22,Marine Science Institute,205195,Active,Tenured,Physics
FAC_00000038,Lecturer,2017-07-09,Department of Chemistry,58607,Active,Non-Tenure-Track,Astronomy
FAC_00000039,Associate Professor,2013-04-07,Marine Science Institute,123672,Active,Tenured,Neuroscience
FAC_00000040,Assistant Professor,2001-09-11,Department of Biology,117564,Active,Tenure-Track,Neuroscience
FAC_00000041,Lecturer,2016-04-05,Marine Science Institute,63669,Active,Non-Tenure-Track,Neuroscience
FAC_00000042,Assistant Professor,2017-12-10,Department of Mathematics,80346,Active,Tenure-Track,Geology
FAC_00000043,Associate Professor,2016-08-06,Department of Astronomy,105926,Active,Tenured,Geology
FAC_00000044,Adjunct,2009-06-22,Department of Statistics,35152,On Leave,Non-Tenure-Track,Environmental Science
FAC_00000045,Assistant Professor,2002-01-12,Department of Geological Sciences,117663,Active,Tenure-Track,Biology
FAC_00000046,Full Professor,2005-09-08,Department of Astronomy,135611,Active,Tenured,Statistics
FAC_00000047,Adjunct,2006-04-08,Department of Biology,48167,Active,Non-Tenure-Track,Physics
FAC_00000048,Associate Professor,2017-05-07,Department of Biology,144887,Active,Tenured,Chemistry
FAC_00000049,Adjunct,2007-01-26,Department of Astronomy,59127,Active,Non-Tenure-Track,Environmental Science
FAC_00000050,Associate Professor,2011-12-08,Department of Mathematics,130109,Active,Tenure-Track,Mathematics
FAC_00000051,Associate Professor,2012-02-03,Department of Biology,157482,Active,Tenured,Physics
FAC_00000052,Associate Professor,2000-12-27,Department of Biology,129235,Active,Tenure-Track,Astronomy
FAC_00000053,Assistant Professor,2012-06-28,Department of Statistics,95056,Active,Tenure-Track,Geology
FAC_00000054,Assistant Professor,2014-11-17,Department of Statistics,95985,Active,Tenure-Track,Physics
FAC_00000055,Full Professor,2005-08-13,Department of Physics,121786,Active,Tenured,Neuroscience
FAC_00000056,Assistant Professor,2014-01-12,Department of Astronomy,92482,Active,Tenure-Track,Neuroscience
FAC_00000057,Assistant Professor,2024-12-09,Marine Science Institute,71029,Active,Tenure-Track,Physics
FAC_00000058,Assistant Professor,2013-06-28,Department of Astronomy,103114,On Leave,Tenure-Track,Biology
FAC_00000059,Lecturer,2009-08-25,Department of Astronomy,83926,Active,Non-Tenure-Track,Astronomy
FAC_00000060,Associate Professor,2001-12-13,Department of Chemistry,131678,Active,Tenured,Mathematics
FAC_00000061,Assistant Professor,2019-12-19,Marine Science Institute,99513,Active,Tenure-Track,Astronomy
FAC_00000062,Full Professor,2017-11-09,Department of Statistics,210141,Active,Tenured,Geology
FAC_00000063,Assistant Professor,2012-08-11,Marine Science Institute,82667,Active,Tenure-Track,Geology
FAC_00000064,Associate Professor,2011-08-13,Department of Biology,138698,On Leave,Tenured,Statistics
FAC_00000065,Associate Professor,2016-10-23,Department of Astronomy,127009,Active,Tenured,Statistics
FAC_00000066,Assistant Professor,2016-12-26,Department of Biology,72165,Active,Tenure-Track,Geology
FAC_00000067,Adjunct,2007-05-24,Department of Geological Sciences,54617,Active,Non-Tenure-Track,Geology
FAC_00000068,Associate Professor,2003-11-11,Department of Physics,157813,Active,Tenured,Biology
FAC_00000069,Full Professor,2020-04-12,Department of Astronomy,126692,Active,Tenured,Astronomy
FAC_00000070,Adjunct,2011-04-14,Department of Astronomy,30753,On Leave,Non-Tenure-Track,Environmental Science
FAC_00000071,Full Professor,2001-06-19,Department of Physics,121131,Active,Tenured,Marine Science
FAC_00000072,Assistant Professor,2014-08-28,Department of Statistics,117009,Active,Tenure-Track,Marine Science
FAC_00000073,Lecturer,2022-05-13,Department of Geological Sciences,86295,Active,Non-Tenure-Track,Astronomy
FAC_00000074,Associate Professor,2014-07-24,Department of Astronomy,127520,Active,Tenured,Statistics
FAC_00000075,Full Professor,2013-10-25,Department of Physics,201676,Active,Tenured,Marine Science
FAC_00000076,Associate Professor,2017-09-13,Department of Mathematics,158848,Active,Tenured,Statistics
FAC_00000077,Assistant Professor,2011-02-14,Department of Geological Sciences,106231,Active,Tenure-Track,Marine Science
FAC_00000078,Associate Professor,2008-04-09,Department of Mathematics,98686,Active,Tenured,Environmental Science
FAC_00000079,Assistant Professor,2012-03-03,Marine Science Institute,99951,Active,Tenure-Track,Astronomy
FAC_00000080,Assistant Professor,2005-03-11,Department of Physics,102134,Active,Tenure-Track,Geology
FAC_00000081,Assistant Professor,2023-05-12,Department of Geological Sciences,80804,On Leave,Tenure-Track,Physics
FAC_00000082,Associate Professor,2002-01-18,Department of Geological Sciences,113802,Active,Tenured,Mathematics
FAC_00000083,Adjunct,2022-12-01,Department of Chemistry,35988,Active,Non-Tenure-Track,Astronomy
FAC_00000084,Lecturer,2013-10-11,Department of Geological Sciences,84116,Active,Non-Tenure-Track,Statistics
FAC_00000085,Full Professor,2013-10-10,Department of Chemistry,168086,Active,Tenured,Statistics
FAC_00000086,Assistant Professor,2016-09-03,Department of Mathematics,80959,Active,Tenure-Track,Statistics
FAC_00000087,Assistant Professor,2013-06-06,Department of Mathematics,77088,Active,Tenure-Track,Statistics
FAC_00000088,Assistant Professor,2015-07-20,Department of Physics,102310,Active,Tenure-Track,Physics
FAC_00000089,Associate Professor,2012-03-11,Marine Science Institute,104311,Active,Tenured,Biology
FAC_00000090,Associate Professor,2004-06-19,Department of Mathematics,129913,Active,Tenured,Geology
FAC_00000091,Full Professor,2010-07-13,Department of Mathematics,258360,Active,Tenured,Environmental Science
FAC_00000092,Assistant Professor,2017-05-28,Department of Mathematics,93394,Active,Tenure-Track,Biology
FAC_00000093,Assistant Professor,2020-08-06,Department of Mathematics,92972,Active,Tenure-Track,Physics
FAC_00000094,Associate Professor,2005-02-28,Department of Chemistry,97586,Active,Tenure-Track,Astronomy
FAC_00000095,Associate Professor,2010-04-01,Department of Geological Sciences,134280,Active,Tenured,Mathematics
FAC_00000096,Full Professor,2004-08-28,Marine Science Institute,201422,Active,Tenured,Biology
FAC_00000097,Assistant Professor,2013-05-05,Marine Science Institute,114068,Active,Tenure-Track,Marine Science
FAC_00000098,Associate Professor,2016-04-12,Marine Science Institute,118731,Active,Tenure-Track,Astronomy
FAC_00000099,Full Professor,2000-12-19,Marine Science Institute,176461,Active,Tenured,Neuroscience
FAC_00000100,Associate Professor,2019-02-09,Department of Statistics,120794,Active,Tenure-Track,Chemistry
FAC_00000101,Assistant Professor,2021-03-13,Department of Physics,88076,Active,Tenure-Track,Neuroscience
FAC_00000102,Full Professor,2008-02-27,Department of Astronomy,249194,Active,Tenured,Environmental Science
FAC_00000103,Assistant Professor,2013-05-02,Department of Mathematics,92063,Active,Tenure-Track,Neuroscience
FAC_00000104,Lecturer,2017-11-09,Department of Chemistry,65549,Active,Non-Tenure-Track,Mathematics
FAC_00000105,Assistant Professor,2005-11-18,Department of Chemistry,83108,Active,Tenure-Track,Physics
FAC_00000106,Associate Professor,2008-10-07,Marine Science Institute,118550,Active,Tenured,Statistics
FAC_00000107,Adjunct,2011-04-26,Department of Astronomy,33133,Active,Non-Tenure-Track,Neuroscience
FAC_00000108,Associate Professor,2012-03-14,Department of Statistics,117528,On Leave,Tenured,Neuroscience
FAC_00000109,Associate Professor,2006-02-10,Department of Chemistry,144819,Active,Tenured,Mathematics
FAC_00000110,Assistant Professor,2004-06-10,Department of Mathematics,100309,Active,Tenure-Track,Physics
FAC_00000111,Associate Professor,2014-04-23,Marine Science Institute,127664,Active,Tenured,Chemistry
FAC_00000112,Assistant Professor,2018-01-15,Department of Geological Sciences,103665,Active,Tenure-Track,Statistics
FAC_00000113,Assistant Professor,2024-10-14,Department of Biology,78410,Active,Tenure-Track,Marine Science
FAC_00000114,Full Professor,2001-04-22,Department of Astronomy,262971,Active,Tenured,Marine Science
FAC_00000115,Full Professor,2011-08-08,Department of Chemistry,275673,Active,Tenured,Neuroscience
FAC_00000116,Associate Professor,2009-02-22,Department of Physics,111061,Active,Tenured,Marine Science
FAC_00000117,Adjunct,2000-01-01,Department of Biology,49956,Active,Non-Tenure-Track,Statistics
FAC_00000118,Associate Professor,2000-09-21,Department of Physics,159920,Active,Tenure-Track,Marine Science
FAC_00000119,Full Professor,2020-11-24,Department of Chemistry,164334,Active,Tenured,Neuroscience
FAC_00000120,Assistant Professor,2002-02-16,Department of Biology,80854,Active,Tenure-Track,Marine Science
FAC_00000121,Associate Professor,2017-09-27,Department of Chemistry,130328,Active,Tenure-Track,Mathematics
FAC_00000122,Assistant Professor,2000-06-06,Department of Astronomy,100227,Active,Tenure-Track,Environmental Science
FAC_00000123,Assistant Professor,2012-03-04,Marine Science Institute,97646,Active,Tenure-Track,Physics
FAC_00000124,Assistant Professor,2010-02-12,Department of Mathematics,86914,Active,Tenure-Track,Neuroscience
FAC_00000125,Assistant Professor,2000-12-18,Marine Science Institute,116784,Active,Tenure-Track,Mathematics
FAC_00000126,Assistant Professor,2024-08-03,Department of Biology,108506,Active,Tenure-Track,Astronomy
FAC_00000127,Full Professor,2004-09-09,Department of Geological Sciences,275713,Active,Tenured,Chemistry
FAC_00000128,Assistant Professor,2015-06-06,Department of Geological Sciences,76033,Active,Tenure-Track,Astronomy
FAC_00000129,Adjunct,2005-04-12,Department of Biology,57721,Active,Non-Tenure-Track,Marine Science
FAC_00000130,Full Professor,2023-11-09,Department of Mathematics,149461,Active,Tenured,Marine Science
FAC_00000131,Associate Professor,2009-12-06,Department of Physics,155890,Active,Tenured,Geology
FAC_00000132,Full Professor,2002-07-17,Department of Chemistry,188724,Active,Tenured,Mathematics
FAC_00000133,Assistant Professor,2009-08-09,Marine Science Institute,104979,Active,Tenure-Track,Astronomy
FAC_00000134,Full Professor,2000-05-28,Marine Science Institute,150878,Active,Tenured,Marine Science
FAC_00000135,Lecturer,2007-11-21,Department of Astronomy,55491,Active,Non-Tenure-Track,Chemistry
FAC_00000136,Associate Professor,2023-11-16,Department of Geological Sciences,128538,Active,Tenured,Geology
FAC_00000137,Assistant Professor,2007-01-04,Department of Statistics,79541,Active,Tenure-Track,Marine Science
FAC_00000138,Lecturer,2022-08-07,Department of Astronomy,59708,Active,Non-Tenure-Track,Chemistry
FAC_00000139,Lecturer,2010-11-06,Department of Physics,84364,Active,Non-Tenure-Track,Environmental Science
FAC_00000140,Lecturer,2013-11-27,Department of Geological Sciences,64665,Active,Non-Tenure-Track,Biology
FAC_00000141,Lecturer,2003-11-01,Department of Mathematics,77797,Active,Non-Tenure-Track,Environmental Science
FAC_00000142,Adjunct,2004-12-17,Department of Statistics,40492,Active,Non-Tenure-Track,Environmental Science
FAC_00000143,Associate Professor,2002-07-26,Department of Statistics,123615,Active,Tenured,Marine Science
FAC_00000144,Assistant Professor,2024-06-24,Department of Physics,87126,Active,Tenure-Track,Geology
FAC_00000145,Associate Professor,2015-03-08,Department of Biology,98723,Active,Tenured,Mathematics
FAC_00000146,Assistant Professor,2001-08-15,Department of Statistics,114385,Active,Tenure-Track,Environmental Science
FAC_00000147,Full Professor,2002-08-05,Department of Mathematics,203208,Active,Tenured,Neuroscience
FAC_00000148,Adjunct,2012-10-14,Department of Geological Sciences,48067,Active,Non-Tenure-Track,Geology
FAC_00000149,Associate Professor,2002-07-22,Department of Statistics,96464,Active,Tenure-Track,Marine Science
FAC_00000150,Assistant Professor,2022-06-14,Department of Statistics,97284,Active,Tenure-Track,Marine Science
FAC_00000151,Associate Professor,2008-04-07,Department of Astronomy,127286,Active,Tenured,Mathematics
FAC_00000152,Assistant Professor,2016-08-01,Department of Statistics,104925,Active,Tenure-Track,Neuroscience
FAC_00000153,Associate Professor,2018-02-09,Department of Mathematics,97431,Active,Tenure-Track,Mathematics
FAC_00000154,Assistant Professor,2007-01-21,Marine Science Institute,82757,Active,Tenure-Track,Biology
FAC_00000155,Associate Professor,2000-01-25,Department of Biology,123137,Active,Tenured,Environmental Science
FAC_00000156,Lecturer,2022-11-23,Department of Physics,87527,Active,Non-Tenure-Track,Neuroscience
FAC_00000157,Assistant Professor,2006-06-27,Department of Biology,116565,Active,Tenure-Track,Mathematics
FAC_00000158,Adjunct,2001-03-27,Department of Biology,46227,Active,Non-Tenure-Track,Environmental Science
FAC_00000159,Full Professor,2012-08-18,Department of Geological Sciences,255756,Active,Tenured,Environmental Science
FAC_00000160,Assistant Professor,2007-02-01,Department of Mathematics,100306,Active,Tenure-Track,Marine Science
FAC_00000161,Associate Professor,2009-06-11,Department of Biology,116777,Active,Tenured,Neuroscience
FAC_00000162,Adjunct,2007-11-17,Marine Science Institute,51521,Active,Non-Tenure-Track,Astronomy
FAC_00000163,Assistant Professor,2011-11-02,Department of Chemistry,88962,Active,Tenure-Track,Environmental Science
FAC_00000164,Associate Professor,2005-01-01,Department of Astronomy,142900,Active,Tenured,Chemistry
FAC_00000165,Assistant Professor,2016-03-16,Department of Geological Sciences,87029,Active,Tenure-Track,Biology
FAC_00000166,Full Professor,2000-11-06,Department of Mathematics,232891,Active,Tenured,Environmental Science
FAC_00000167,Associate Professor,2023-12-05,Department of Mathematics,96099,Active,Tenured,Physics
FAC_00000168,Full Professor,2017-02-10,Department of Biology,233876,Active,Tenured,Statistics
FAC_00000169,Assistant Professor,2004-03-11,Department of Mathematics,98663,Active,Tenure-Track,Physics
FAC_00000170,Full Professor,2004-08-22,Department of Biology,176237,Active,Tenured,Marine Science
FAC_00000171,Associate Professor,2002-04-04,Department of Statistics,103151,Active,Tenured,Biology
FAC_00000172,Associate Professor,2010-07-01,Department of Geological Sciences,95616,Active,Tenured,Mathematics
FAC_00000173,Full Professor,2007-10-10,Department of Geological Sciences,191043,Active,Tenured,Mathematics
FAC_00000174,Adjunct,2000-04-19,Department of Mathematics,55303,Active,Non-Tenure-Track,Physics
FAC_00000175,Assistant Professor,2015-12-26,Department of Biology,75969,Active,Tenure-Track,Statistics
FAC_00000176,Lecturer,2016-02-25,Department of Statistics,88763,On Leave,Non-Tenure-Track,Biology
FAC_00000177,Adjunct,2024-04-25,Department of Biology,39715,Active,Non-Tenure-Track,Marine Science
FAC_00000178,Full Professor,2024-07-17,Department of Chemistry,174575,Active,Tenured,Neuroscience
FAC_00000179,Full Professor,2022-11-23,Department of Biology,182407,Active,Tenured,Neuroscience
FAC_00000180,Associate Professor,2006-02-16,Department of Statistics,119908,Active,Tenured,Biology
FAC_00000181,Assistant Professor,2021-03-02,Department of Physics,117897,Active,Tenure-Track,Chemistry
FAC_00000182,Assistant Professor,2011-04-04,Department of Astronomy,105744,Active,Tenure-Track,Statistics
FAC_00000183,Assistant Professor,2000-04-13,Department of Biology,92553,Active,Tenure-Track,Geology
FAC_00000184,Full Professor,2011-10-12,Department of Mathematics,208707,Active,Tenured,Statistics
FAC_00000185,Associate Professor,2021-06-23,Department of Mathematics,140100,Active,Tenured,Physics
FAC_00000186,Associate Professor,2017-03-17,Department of Mathematics,143287,Active,Tenured,Geology
FAC_00000187,Associate Professor,2005-07-06,Department of Astronomy,103171,Active,Tenured,Astronomy
FAC_00000188,Associate Professor,2017-12-01,Department of Biology,97779,Active,Tenured,Biology
FAC_00000189,Associate Professor,2016-10-21,Department of Geological Sciences,108128,Active,Tenured,Biology
FAC_00000190,Assistant Professor,2007-03-19,Department of Astronomy,71079,Active,Tenure-Track,Astronomy
FAC_00000191,Assistant Professor,2001-12-21,Department of Biology,95749,Active,Tenure-Track,Geology
FAC_00000192,Lecturer,2019-08-26,Department of Physics,81927,Active,Non-Tenure-Track,Astronomy
FAC_00000193,Full Professor,2013-04-12,Department of Astronomy,128057,Active,Tenured,Astronomy
FAC_00000194,Assistant Professor,2012-03-24,Department of Chemistry,110466,Active,Tenure-Track,Mathematics
FAC_00000195,Lecturer,2007-06-20,Department of Biology,88894,Active,Non-Tenure-Track,Neuroscience
FAC_00000196,Assistant Professor,2019-06-27,Department of Astronomy,117641,Active,Tenure-Track,Environmental Science
FAC_00000197,Associate Professor,2009-11-22,Department of Chemistry,100031,Active,Tenured,Biology
FAC_00000198,Lecturer,2011-04-08,Department of Biology,50249,Active,Non-Tenure-Track,Statistics
FAC_00000199,Assistant Professor,2012-03-06,Department of Geological Sciences,75463,Active,Tenure-Track,Environmental Science
FAC_00000200,Adjunct,2022-03-21,Department of Astronomy,31455,Active,Non-Tenure-Track,Mathematics
FAC_00000201,Lecturer,2009-12-25,Department of Biology,65086,Active,Non-Tenure-Track,Astronomy
FAC_00000202,Associate Professor,2022-08-08,Department of Chemistry,155314,Active,Tenured,Astronomy
FAC_00000203,Assistant Professor,2003-12-20,Department of Astronomy,88985,Active,Tenure-Track,Marine Science
FAC_00000204,Associate Professor,2001-04-17,Department of Mathematics,139827,Active,Tenure-Track,Geology
FAC_00000205,Lecturer,2021-10-20,Department of Astronomy,86960,Active,Non-Tenure-Track,Astronomy
FAC_00000206,Assistant Professor,2011-03-01,Department of Geological Sciences,117386,Active,Tenure-Track,Physics
FAC_00000207,Associate Professor,2008-05-12,Department of Statistics,115628,Active,Tenured,Biology
FAC_00000208,Associate Professor,2011-08-23,Department of Astronomy,151913,Active,Tenured,Mathematics
FAC_00000209,Lecturer,2016-12-27,Department of Mathematics,82045,Active,Non-Tenure-Track,Marine Science
FAC_00000210,Assistant Professor,2009-04-26,Department of Geological Sciences,72157,Active,Tenure-Track,Chemistry
FAC_00000211,Associate Professor,2011-06-08,Department of Statistics,155788,Active,Tenured,Marine Science
FAC_00000212,Associate Professor,2023-03-08,Department of Physics,130916,Active,Tenured,Marine Science
FAC_00000213,Assistant Professor,2003-07-14,Department of Chemistry,72764,Active,Tenure-Track,Physics
FAC_00000214,Full Professor,2023-02-17,Department of Physics,139903,Active,Tenured,Physics
FAC_00000215,Full Professor,2013-06-02,Department of Astronomy,276095,Active,Tenured,Biology
FAC_00000216,Associate Professor,2023-08-13,Department of Astronomy,100099,Active,Tenured,Marine Science
FAC_00000217,Associate Professor,2001-02-02,Department of Statistics,132196,Active,Tenured,Physics
FAC_00000218,Full Professor,2015-09-15,Department of Physics,142333,Active,Tenured,Marine Science
FAC_00000219,Associate Professor,2000-01-17,Department of Geological Sciences,119973,Active,Tenure-Track,Geology
FAC_00000220,Assistant Professor,2012-03-13,Marine Science Institute,87660,Active,Tenure-Track,Marine Science
FAC_00000221,Assistant Professor,2017-10-16,Department of Astronomy,111624,Active,Tenure-Track,Neuroscience
FAC_00000222,Associate Professor,2023-02-25,Department of Physics,106195,Active,Tenure-Track,Geology
FAC_00000223,Associate Professor,2004-09-26,Department of Statistics,99726,Active,Tenured,Marine Science
FAC_00000224,Full Professor,2011-03-27,Marine Science Institute,124682,Active,Tenured,Chemistry
FAC_00000225,Full Professor,2004-04-13,Department of Physics,134380,Active,Tenured,Chemistry
FAC_00000226,Lecturer,2011-01-04,Department of Biology,72563,Active,Non-Tenure-Track,Neuroscience
FAC_00000227,Associate Professor,2011-01-16,Department of Mathematics,153249,Active,Tenure-Track,Biology
FAC_00000228,Assistant Professor,2006-02-05,Department of Physics,112484,Active,Tenure-Track,Marine Science
FAC_00000229,Full Professor,2017-07-04,Department of Chemistry,134988,Active,Tenured,Environmental Science
FAC_00000230,Full Professor,2022-06-21,Department of Biology,172467,Active,Tenured,Statistics
FAC_00000231,Associate Professor,2011-09-08,Department of Statistics,102856,Active,Tenured,Marine Science
FAC_00000232,Full Professor,2010-09-22,Marine Science Institute,148681,Active,Tenured,Neuroscience
FAC_00000233,Associate Professor,2016-09-21,Department of Biology,143985,Active,Tenured,Mathematics
FAC_00000234,Assistant Professor,2003-03-23,Department of Geological Sciences,117601,Active,Tenure-Track,Chemistry
FAC_00000235,Assistant Professor,2008-02-28,Department of Geological Sciences,114750,Active,Tenure-Track,Geology
FAC_00000236,Lecturer,2019-08-22,Department of Geological Sciences,52839,Active,Non-Tenure-Track,Statistics
FAC_00000237,Assistant Professor,2006-11-14,Marine Science Institute,115344,Active,Tenure-Track,Marine Science
FAC_00000238,Adjunct,2008-12-25,Department of Statistics,64881,Active,Non-Tenure-Track,Statistics
FAC_00000239,Full Professor,2003-05-18,Department of Chemistry,157497,Active,Tenured,Neuroscience
FAC_00000240,Associate Professor,2004-05-25,Department of Statistics,103854,Active,Tenured,Mathematics
FAC_00000241,Assistant Professor,2017-07-16,Department of Mathematics,90627,Active,Tenure-Track,Mathematics
FAC_00000242,Associate Professor,2006-04-11,Department of Biology,158382,Active,Tenured,Physics
FAC_00000243,Lecturer,2009-08-25,Department of Chemistry,64139,Active,Non-Tenure-Track,Physics
FAC_00000244,Lecturer,2001-05-05,Marine Science Institute,87796,Active,Non-Tenure-Track,Statistics
FAC_00000245,Assistant Professor,2022-03-07,Department of Statistics,94969,Active,Tenure-Track,Marine Science
FAC_00000246,Associate Professor,2007-04-23,Department of Statistics,130688,Active,Tenured,Astronomy
FAC_00000247,Assistant Professor,2018-03-05,Department of Physics,101421,Active,Tenure-Track,Physics
FAC_00000248,Adjunct,2021-03-23,Department of Statistics,36563,Active,Non-Tenure-Track,Astronomy
FAC_00000249,Assistant Professor,2021-09-01,Department of Statistics,116431,Active,Tenure-Track,Astronomy
FAC_00000250,Assistant Professor,2014-11-04,Department of Physics,99628,Active,Tenure-Track,Neuroscience
FAC_00000251,Full Professor,2013-10-10,Department of Physics,219809,Active,Tenured,Geology
FAC_00000252,Lecturer,2012-05-05,Department of Chemistry,59734,On Leave,Non-Tenure-Track,Chemistry
FAC_00000253,Full Professor,2007-06-18,Department of Mathematics,186049,Active,Tenured,Physics
FAC_00000254,Assistant Professor,2024-11-28,Department of Statistics,114208,Active,Tenure-Track,Chemistry
FAC_00000255,Assistant Professor,2007-12-19,Department of Biology,103070,Active,Tenure-Track,Geology
FAC_00000256,Lecturer,2010-03-23,Department of Physics,76062,Active,Non-Tenure-Track,Statistics
FAC_00000257,Assistant Professor,2011-11-22,Department of Astronomy,103107,Active,Tenure-Track,Biology
FAC_00000258,Assistant Professor,2006-11-28,Marine Science Institute,84226,Active,Tenure-Track,Geology
FAC_00000259,Associate Professor,2017-03-06,Department of Chemistry,138214,Active,Tenure-Track,Astronomy
FAC_00000260,Full Professor,2006-12-12,Department of Statistics,244483,Active,Tenured,Biology
FAC_00000261,Assistant Professor,2005-07-02,Department of Biology,97632,Active,Tenure-Track,Astronomy
FAC_00000262,Lecturer,2008-07-06,Department of Astronomy,74215,Active,Non-Tenure-Track,Physics
FAC_00000263,Full Professor,2018-10-11,Department of Physics,264464,Active,Tenured,Neuroscience
FAC_00000264,Assistant Professor,2001-04-12,Department of Astronomy,101361,Active,Tenure-Track,Chemistry
FAC_00000265,Full Professor,2014-11-02,Department of Chemistry,193321,Active,Tenured,Physics
FAC_00000266,Lecturer,2013-07-08,Department of Geological Sciences,70513,Active,Non-Tenure-Track,Environmental Science
FAC_00000267,Assistant Professor,2010-11-26,Department of Statistics,76926,Active,Tenure-Track,Statistics
FAC_00000268,Assistant Professor,2022-12-16,Department of Chemistry,84345,Active,Tenure-Track,Marine Science
FAC_00000269,Assistant Professor,2020-04-03,Department of Physics,86760,Active,Tenure-Track,Neuroscience
FAC_00000270,Associate Professor,2012-11-04,Department of Geological Sciences,115038,Active,Tenured,Astronomy
FAC_00000271,Associate Professor,2014-09-02,Department of Mathematics,133258,Active,Tenured,Statistics
FAC_00000272,Associate Professor,2004-05-13,Department of Astronomy,123844,Active,Tenured,Astronomy
FAC_00000273,Full Professor,2015-11-26,Department of Statistics,236858,Active,Tenured,Chemistry
FAC_00000274,Assistant Professor,2002-08-09,Department of Physics,103300,Active,Tenure-Track,Chemistry
FAC_00000275,Associate Professor,2024-02-27,Department of Geological Sciences,114115,On Leave,Tenure-Track,Statistics
FAC_00000276,Assistant Professor,2012-04-01,Department of Statistics,91427,Active,Tenure-Track,Neuroscience
FAC_00000277,Full Professor,2014-08-22,Marine Science Institute,272387,Active,Tenured,Biology
FAC_00000278,Associate Professor,2016-06-08,Department of Physics,153757,Active,Tenured,Environmental Science
FAC_00000279,Assistant Professor,2021-09-10,Department of Chemistry,78763,Active,Tenure-Track,Environmental Science
FAC_00000280,Associate Professor,2011-02-21,Department of Chemistry,146177,Active,Tenure-Track,Statistics
FAC_00000281,Assistant Professor,2010-09-11,Department of Chemistry,82697,Active,Tenure-Track,Statistics
FAC_00000282,Assistant Professor,2017-03-01,Department of Physics,85063,Active,Tenure-Track,Mathematics
FAC_00000283,Associate Professor,2014-11-03,Department of Geological Sciences,135758,Active,Tenured,Mathematics
FAC_00000284,Associate Professor,2010-04-25,Department of Statistics,131660,Active,Tenured,Neuroscience
FAC_00000285,Adjunct,2016-07-06,Department of Biology,62837,Active,Non-Tenure-Track,Biology
FAC_00000286,Assistant Professor,2015-07-22,Department of Astronomy,110951,Active,Tenure-Track,Mathematics
FAC_00000287,Assistant Professor,2010-01-17,Department of Biology,91277,Active,Tenure-Track,Statistics
FAC_00000288,Associate Professor,2013-05-22,Department of Astronomy,154645,Active,Tenured,Astronomy
FAC_00000289,Associate Professor,2020-07-08,Marine Science Institute,101990,Active,Tenured,Geology
FAC_00000290,Full Professor,2018-10-27,Department of Biology,269197,Active,Tenured,Physics
FAC_00000291,Assistant Professor,2007-12-16,Department of Geological Sciences,101577,Active,Tenure-Track,Statistics
FAC_00000292,Assistant Professor,2019-11-12,Department of Astronomy,117442,Active,Tenure-Track,Neuroscience
FAC_00000293,Assistant Professor,2003-07-03,Department of Astronomy,71442,Active,Tenure-Track,Biology
FAC_00000294,Associate Professor,2016-06-24,Department of Biology,142792,Active,Tenure-Track,Environmental Science
FAC_00000295,Adjunct,2021-05-26,Department of Biology,51563,Active,Non-Tenure-Track,Neuroscience
FAC_00000296,Full Professor,2010-08-02,Marine Science Institute,219089,Active,Tenured,Physics
FAC_00000297,Associate Professor,2015-06-11,Department of Physics,133894,On Leave,Tenured,Chemistry
FAC_00000298,Full Professor,2021-05-19,Department of Physics,249016,Active,Tenured,Chemistry
FAC_00000299,Associate Professor,2018-02-26,Department of Physics,128245,Active,Tenured,Biology
FAC_00000300,Full Professor,2004-03-21,Department of Geological Sciences,156928,Active,Tenured,Geology
FAC_00000301,Assistant Professor,2013-11-03,Department of Mathematics,110522,Active,Tenure-Track,Chemistry
FAC_00000302,Associate Professor,2024-06-03,Department of Astronomy,152626,Active,Tenured,Chemistry
FAC_00000303,Lecturer,2008-07-24,Marine Science Institute,60052,Active,Non-Tenure-Track,Geology
FAC_00000304,Lecturer,2009-05-03,Department of Geological Sciences,67879,On Leave,Non-Tenure-Track,Geology
FAC_00000305,Lecturer,2000-02-19,Department of Geological Sciences,85170,Active,Non-Tenure-Track,Physics
FAC_00000306,Assistant Professor,2017-11-11,Department of Physics,99791,Active,Tenure-Track,Chemistry
FAC_00000307,Associate Professor,2021-06-14,Department of Statistics,134438,Active,Tenured,Geology
FAC_00000308,Assistant Professor,2017-05-01,Department of Statistics,107294,Active,Tenure-Track,Chemistry
FAC_00000309,Associate Professor,2004-10-22,Department of Geological Sciences,121555,Active,Tenured,Environmental Science
FAC_00000310,Assistant Professor,2024-02-19,Department of Physics,98642,Active,Tenure-Track,Biology
FAC_00000311,Assistant Professor,2010-12-13,Marine Science Institute,75824,Active,Tenure-Track,Environmental Science
FAC_00000312,Assistant Professor,2021-10-07,Department of Physics,103717,Active,Tenure-Track,Marine Science
FAC_00000313,Assistant Professor,2020-10-11,Department of Physics,85831,Active,Tenure-Track,Chemistry
FAC_00000314,Associate Professor,2013-08-18,Department of Statistics,158816,Active,Tenured,Statistics
FAC_00000315,Assistant Professor,2001-08-12,Department of Physics,102029,Active,Tenure-Track,Physics
FAC_00000316,Associate Professor,2022-03-02,Marine Science Institute,96135,Active,Tenured,Astronomy
FAC_00000317,Assistant Professor,2011-08-26,Department of Statistics,101589,Active,Tenure-Track,Astronomy
FAC_00000318,Assistant Professor,2017-01-26,Marine Science Institute,112227,Active,Tenure-Track,Astronomy
FAC_00000319,Associate Professor,2010-03-01,Department of Astronomy,99425,Active,Tenured,Geology
FAC_00000320,Full Professor,2002-05-06,Marine Science Institute,182258,Active,Tenured,Geology
FAC_00000321,Adjunct,2023-07-06,Department of Geological Sciences,62523,Active,Non-Tenure-Track,Neuroscience
FAC_00000322,Full Professor,2008-11-01,Marine Science Institute,178659,On Leave,Tenured,Marine Science
FAC_00000323,Full Professor,2020-02-20,Department of Physics,171860,Active,Tenured,Physics
FAC_00000324,Full Professor,2024-11-16,Marine Science Institute,136876,Active,Tenured,Physics
FAC_00000325,Full Professor,2019-02-05,Department of Chemistry,212781,Active,Tenured,Neuroscience
FAC_00000326,Full Professor,2020-12-22,Department of Astronomy,141590,Active,Tenured,Chemistry
FAC_00000327,Assistant Professor,2015-02-05,Department of Chemistry,118279,Active,Tenure-Track,Environmental Science
FAC_00000328,Assistant Professor,2012-05-03,Department of Geological Sciences,87884,Active,Tenure-Track,Neuroscience
FAC_00000329,Associate Professor,2005-04-19,Marine Science Institute,113650,Active,Tenured,Biology
FAC_00000330,Full Professor,2016-04-25,Department of Geological Sciences,166674,Active,Tenured,Statistics
FAC_00000331,Associate Professor,2022-12-14,Department of Chemistry,159556,Active,Tenured,Mathematics
FAC_00000332,Full Professor,2000-10-13,Department of Statistics,219937,Active,Tenured,Neuroscience
FAC_00000333,Full Professor,2000-08-18,Department of Geological Sciences,175049,Active,Tenured,Geology
FAC_00000334,Full Professor,2013-10-21,Department of Statistics,218125,Active,Tenured,Statistics
FAC_00000335,Associate Professor,2023-08-13,Department of Statistics,119602,Active,Tenured,Physics
FAC_00000336,Full Professor,2013-01-19,Department of Statistics,243458,Active,Tenured,Geology
FAC_00000337,Associate Professor,2017-09-16,Department of Statistics,139049,Active,Tenured,Marine Science
FAC_00000338,Assistant Professor,2023-04-03,Department of Biology,109425,Active,Tenure-Track,Geology
FAC_00000339,Full Professor,2012-03-14,Department of Physics,212996,Active,Tenured,Astronomy
FAC_00000340,Adjunct,2014-08-16,Marine Science Institute,56564,Active,Non-Tenure-Track,Physics
FAC_00000341,Associate Professor,2012-04-03,Department of Physics,97979,Active,Tenured,Environmental Science
FAC_00000342,Full Professor,2014-10-25,Department of Mathematics,170429,Active,Tenured,Astronomy
FAC_00000343,Associate Professor,2018-03-05,Department of Statistics,98615,Active,Tenured,Astronomy
FAC_00000344,Assistant Professor,2001-08-21,Department of Chemistry,116399,Active,Tenure-Track,Mathematics
FAC_00000345,Associate Professor,2023-07-22,Department of Biology,142759,Active,Tenured,Mathematics
FAC_00000346,Assistant Professor,2008-01-15,Department of Geological Sciences,93968,Active,Tenure-Track,Statistics
FAC_00000347,Associate Professor,2000-06-23,Department of Statistics,129636,Active,Tenured,Statistics
FAC_00000348,Assistant Professor,2014-10-17,Department of Mathematics,70935,Active,Tenure-Track,Physics
FAC_00000349,Assistant Professor,2016-09-20,Department of Physics,99174,Active,Tenure-Track,Geology
FAC_00000350,Assistant Professor,2017-08-21,Department of Statistics,89097,Active,Tenure-Track,Mathematics
FAC_00000351,Assistant Professor,2019-09-14,Department of Chemistry,85012,Active,Tenure-Track,Marine Science
FAC_00000352,Associate Professor,2023-06-08,Department of Chemistry,149463,Active,Tenured,Marine Science
FAC_00000353,Associate Professor,2014-11-07,Department of Biology,156477,Active,Tenure-Track,Marine Science
FAC_00000354,Assistant Professor,2019-11-22,Department of Physics,70970,Active,Tenure-Track,Mathematics
FAC_00000355,Lecturer,2004-10-23,Department of Statistics,67160,Active,Non-Tenure-Track,Marine Science
FAC_00000356,Associate Professor,2017-12-10,Department of Biology,143801,Active,Tenure-Track,Environmental Science
FAC_00000357,Associate Professor,2009-04-04,Department of Chemistry,152037,Active,Tenure-Track,Biology
FAC_00000358,Associate Professor,2004-10-03,Department of Statistics,152815,Active,Tenured,Mathematics
FAC_00000359,Assistant Professor,2002-11-25,Department of Physics,116087,On Leave,Tenure-Track,Geology
FAC_00000360,Assistant Professor,2004-07-11,Department of Chemistry,76233,Active,Tenure-Track,Astronomy
FAC_00000361,Lecturer,2023-05-07,Department of Biology,59477,Active,Non-Tenure-Track,Physics
FAC_00000362,Assistant Professor,2000-01-17,Department of Astronomy,82647,On Leave,Tenure-Track,Statistics
FAC_00000363,Assistant Professor,2001-11-24,Department of Biology,76056,Active,Tenure-Track,Environmental Science
FAC_00000364,Full Professor,2015-10-21,Department of Mathematics,236627,Active,Tenured,Statistics
FAC_00000365,Assistant Professor,2006-06-06,Department of Mathematics,91707,Active,Tenure-Track,Environmental Science
FAC_00000366,Associate Professor,2024-04-04,Department of Astronomy,104758,Active,Tenured,Mathematics
FAC_00000367,Adjunct,2016-03-02,Department of Biology,45329,Active,Non-Tenure-Track,Statistics
FAC_00000368,Full Professor,2003-03-04,Department of Chemistry,134432,Active,Tenured,Astronomy
FAC_00000369,Full Professor,2012-10-03,Department of Physics,157991,Active,Tenured,Environmental Science
FAC_00000370,Assistant Professor,2024-06-27,Marine Science Institute,99098,Active,Tenure-Track,Mathematics
FAC_00000371,Lecturer,2001-01-25,Department of Geological Sciences,69377,Active,Non-Tenure-Track,Chemistry
FAC_00000372,Full Professor,2000-06-16,Marine Science Institute,136558,Active,Tenured,Neuroscience
FAC_00000373,Associate Professor,2018-07-09,Department of Astronomy,136375,Active,Tenured,Neuroscience
FAC_00000374,Assistant Professor,2024-05-19,Department of Geological Sciences,106707,Active,Tenure-Track,Geology
FAC_00000375,Assistant Professor,2015-11-15,Department of Astronomy,99800,Active,Tenure-Track,Mathematics
FAC_00000376,Associate Professor,2000-05-16,Department of Chemistry,100169,Active,Tenured,Marine Science
FAC_00000377,Associate Professor,2008-01-23,Department of Physics,156890,Active,Tenured,Physics
FAC_00000378,Full Professor,2003-01-01,Department of Chemistry,172068,Active,Tenured,Marine Science
FAC_00000379,Assistant Professor,2020-03-14,Department of Geological Sciences,92026,Active,Tenure-Track,Mathematics
FAC_00000380,Associate Professor,2011-09-15,Department of Physics,141584,Active,Tenured,Geology
FAC_00000381,Assistant Professor,2000-07-10,Department of Chemistry,98693,Active,Tenure-Track,Marine Science
FAC_00000382,Full Professor,2015-05-18,Department of Chemistry,180230,Active,Tenured,Statistics
FAC_00000383,Assistant Professor,2021-11-25,Marine Science Institute,76430,Active,Tenure-Track,Statistics
FAC_00000384,Assistant Professor,2015-07-16,Marine Science Institute,105242,Active,Tenure-Track,Biology
FAC_00000385,Assistant Professor,2007-07-10,Marine Science Institute,78109,Active,Tenure-Track,Astronomy
FAC_00000386,Full Professor,2017-10-15,Department of Biology,181638,Active,Tenured,Physics
FAC_00000387,Adjunct,2001-10-15,Department of Astronomy,36940,Active,Non-Tenure-Track,Physics
FAC_00000388,Associate Professor,2011-05-03,Department of Physics,100953,Active,Tenured,Mathematics
FAC_00000389,Full Professor,2009-07-27,Department of Statistics,220930,Active,Tenured,Neuroscience
FAC_00000390,Assistant Professor,2016-04-13,Department of Astronomy,97638,Active,Tenure-Track,Mathematics
FAC_00000391,Associate Professor,2024-06-14,Department of Statistics,120356,Active,Tenure-Track,Physics
FAC_00000392,Full Professor,2023-12-02,Department of Astronomy,261943,Active,Tenured,Neuroscience
FAC_00000393,Full Professor,2000-05-28,Department of Statistics,244097,Active,Tenured,Biology
FAC_00000394,Lecturer,2005-06-02,Department of Astronomy,88531,Active,Non-Tenure-Track,Chemistry
FAC_00000395,Assistant Professor,2020-01-14,Department of Geological Sciences,115267,Active,Tenure-Track,Statistics
FAC_00000396,Associate Professor,2002-04-12,Marine Science Institute,159009,Active,Tenure-Track,Chemistry
FAC_00000397,Associate Professor,2001-06-23,Department of Statistics,107011,Active,Tenured,Astronomy
FAC_00000398,Associate Professor,2020-04-16,Department of Geological Sciences,96717,Active,Tenure-Track,Marine Science
FAC_00000399,Assistant Professor,2010-04-02,Department of Statistics,100920,Active,Tenure-Track,Marine Science
FAC_00000400,Full Professor,2011-10-24,Department of Mathematics,220199,Active,Tenured,Marine Science
FAC_00000401,Full Professor,2024-07-09,Department of Biology,233088,Active,Tenured,Environmental Science
FAC_00000402,Assistant Professor,2018-10-14,Marine Science Institute,98849,Active,Tenure-Track,Mathematics
FAC_00000403,Adjunct,2020-10-06,Marine Science Institute,52990,Active,Non-Tenure-Track,Environmental Science
FAC_00000404,Assistant Professor,2019-08-15,Department of Chemistry,110126,Active,Tenure-Track,Biology
FAC_00000405,Lecturer,2012-02-04,Department of Astronomy,81596,Active,Non-Tenure-Track,Biology
FAC_00000406,Full Professor,2007-11-19,Department of Statistics,205143,Active,Tenured,Geology
FAC_00000407,Adjunct,2008-11-12,Department of Astronomy,42813,Active,Non-Tenure-Track,Neuroscience
FAC_00000408,Assistant Professor,2013-03-19,Department of Physics,72120,Active,Tenure-Track,Mathematics
FAC_00000409,Adjunct,2012-12-13,Department of Statistics,59034,Active,Non-Tenure-Track,Physics
FAC_00000410,Associate Professor,2023-04-11,Department of Statistics,158639,Active,Tenured,Physics
FAC_00000411,Assistant Professor,2018-04-02,Department of Chemistry,112794,Active,Tenure-Track,Biology
FAC_00000412,Associate Professor,2008-12-12,Department of Geological Sciences,122322,Active,Tenured,Biology
FAC_00000413,Full Professor,2005-10-15,Department of Geological Sciences,198542,Active,Tenured,Chemistry
FAC_00000414,Assistant Professor,2004-12-01,Department of Chemistry,93155,Active,Tenure-Track,Astronomy
FAC_00000415,Adjunct,2012-03-12,Department of Astronomy,43147,Active,Non-Tenure-Track,Chemistry
FAC_00000416,Associate Professor,2001-06-04,Department of Physics,111497,Active,Tenured,Chemistry
FAC_00000417,Assistant Professor,2019-03-17,Department of Astronomy,114751,Active,Tenure-Track,Chemistry
FAC_00000418,Associate Professor,2012-03-15,Department of Geological Sciences,147042,Active,Tenured,Marine Science
FAC_00000419,Assistant Professor,2024-07-22,Marine Science Institute,83218,Active,Tenure-Track,Statistics
FAC_00000420,Full Professor,2000-04-14,Department of Biology,219596,On Leave,Tenured,Environmental Science
FAC_00000421,Adjunct,2013-05-08,Department of Statistics,40290,Active,Non-Tenure-Track,Chemistry
FAC_00000422,Full Professor,2016-02-28,Department of Chemistry,133986,Active,Tenured,Mathematics
FAC_00000423,Associate Professor,2020-06-20,Marine Science Institute,99671,Active,Tenured,Statistics
FAC_00000424,Lecturer,2003-05-17,Department of Statistics,71263,Active,Non-Tenure-Track,Neuroscience
FAC_00000425,Associate Professor,2022-10-28,Department of Statistics,136895,Active,Tenured,Mathematics
FAC_00000426,Assistant Professor,2015-09-27,Department of Physics,91382,On Leave,Tenure-Track,Environmental Science
FAC_00000427,Assistant Professor,2017-10-25,Department of Chemistry,91913,Active,Tenure-Track,Mathematics
FAC_00000428,Assistant Professor,2010-06-20,Department of Chemistry,92834,Active,Tenure-Track,Statistics
FAC_00000429,Adjunct,2023-07-12,Department of Chemistry,62241,Active,Non-Tenure-Track,Geology
FAC_00000430,Lecturer,2008-05-14,Department of Mathematics,75922,Active,Non-Tenure-Track,Mathematics
FAC_00000431,Associate Professor,2014-11-14,Department of Physics,95926,Active,Tenured,Marine Science
FAC_00000432,Associate Professor,2023-04-10,Department of Biology,112231,On Leave,Tenured,Mathematics
FAC_00000433,Lecturer,2022-06-25,Department of Chemistry,59370,Active,Non-Tenure-Track,Chemistry
FAC_00000434,Lecturer,2010-05-28,Department of Statistics,61590,Active,Non-Tenure-Track,Marine Science
FAC_00000435,Assistant Professor,2019-05-24,Department of Astronomy,98166,Active,Tenure-Track,Astronomy
FAC_00000436,Associate Professor,2005-04-10,Department of Chemistry,103365,Active,Tenured,Marine Science
FAC_00000437,Associate Professor,2020-12-09,Department of Physics,119834,Active,Tenured,Geology
FAC_00000438,Assistant Professor,2023-02-26,Marine Science Institute,104892,Active,Tenure-Track,Mathematics
FAC_00000439,Assistant Professor,2022-05-20,Department of Mathematics,94547,Active,Tenure-Track,Environmental Science
FAC_00000440,Assistant Professor,2022-02-13,Department of Statistics,82534,Active,Tenure-Track,Environmental Science
FAC_00000441,Assistant Professor,2015-10-20,Department of Mathematics,76000,Active,Tenure-Track,Marine Science
FAC_00000442,Associate Professor,2022-10-08,Department of Statistics,143133,Active,Tenure-Track,Neuroscience
FAC_00000443,Full Professor,2015-10-08,Department of Physics,263577,Active,Tenured,Astronomy
FAC_00000444,Associate Professor,2013-12-28,Department of Statistics,130187,Active,Tenure-Track,Geology
FAC_00000445,Full Professor,2011-05-09,Department of Biology,219237,Active,Tenured,Statistics
FAC_00000446,Associate Professor,2008-10-15,Department of Geological Sciences,117285,Active,Tenured,Neuroscience
FAC_00000447,Lecturer,2013-05-08,Marine Science Institute,82706,Active,Non-Tenure-Track,Geology
FAC_00000448,Assistant Professor,2018-10-09,Department of Physics,95027,Active,Tenure-Track,Geology
FAC_00000449,Associate Professor,2007-07-09,Department of Statistics,108968,Active,Tenured,Marine Science
FAC_00000450,Assistant Professor,2010-01-17,Department of Chemistry,107846,Active,Tenure-Track,Geology
FAC_00000451,Associate Professor,2007-11-27,Department of Geological Sciences,133919,Active,Tenure-Track,Geology
FAC_00000452,Associate Professor,2021-11-23,Department of Biology,144873,Active,Tenured,Chemistry
FAC_00000453,Associate Professor,2021-09-06,Department of Physics,115721,Active,Tenure-Track,Biology
FAC_00000454,Associate Professor,2003-03-08,Department of Chemistry,102541,Active,Tenured,Mathematics
FAC_00000455,Assistant Professor,2014-01-19,Department of Mathematics,89991,Active,Tenure-Track,Mathematics
FAC_00000456,Associate Professor,2005-06-17,Marine Science Institute,114824,Active,Tenured,Geology
FAC_00000457,Assistant Professor,2010-07-05,Department of Biology,105269,Active,Tenure-Track,Chemistry
FAC_00000458,Adjunct,2009-10-24,Department of Astronomy,56771,On Leave,Non-Tenure-Track,Geology
FAC_00000459,Associate Professor,2012-08-24,Department of Statistics,140092,Active,Tenured,Chemistry
FAC_00000460,Associate Professor,2024-04-19,Marine Science Institute,105008,Active,Tenured,Environmental Science
FAC_00000461,Lecturer,2005-11-27,Department of Chemistry,65780,On Leave,Non-Tenure-Track,Chemistry
FAC_00000462,Assistant Professor,2010-09-21,Department of Biology,89836,Active,Tenure-Track,Physics
FAC_00000463,Assistant Professor,2012-09-19,Department of Mathematics,72373,Active,Tenure-Track,Environmental Science
FAC_00000464,Associate Professor,2003-05-04,Department of Mathematics,127001,Active,Tenured,Marine Science
FAC_00000465,Assistant Professor,2014-04-06,Department of Geological Sciences,75277,Active,Tenure-Track,Neuroscience
FAC_00000466,Assistant Professor,2015-02-01,Department of Chemistry,87981,Active,Tenure-Track,Statistics
FAC_00000467,Associate Professor,2015-10-15,Marine Science Institute,116979,Active,Tenure-Track,Environmental Science
FAC_00000468,Lecturer,2024-03-02,Department of Statistics,59217,Active,Non-Tenure-Track,Astronomy
FAC_00000469,Associate Professor,2007-12-06,Marine Science Institute,142682,Active,Tenured,Astronomy
FAC_00000470,Associate Professor,2000-02-28,Department of Biology,127837,Active,Tenured,Environmental Science
FAC_00000471,Full Professor,2004-08-25,Marine Science Institute,171780,Active,Tenured,Environmental Science
FAC_00000472,Assistant Professor,2011-01-16,Marine Science Institute,108573,Active,Tenure-Track,Mathematics
FAC_00000473,Associate Professor,2012-06-10,Department of Astronomy,109669,Active,Tenured,Environmental Science
FAC_00000474,Assistant Professor,2022-09-12,Department of Physics,85351,Active,Tenure-Track,Astronomy
FAC_00000475,Full Professor,2002-04-10,Department of Biology,196180,Active,Tenured,Marine Science
FAC_00000476,Assistant Professor,2005-11-23,Department of Mathematics,87125,On Leave,Tenure-Track,Biology
FAC_00000477,Adjunct,2005-07-12,Department of Physics,56228,Active,Non-Tenure-Track,Chemistry
FAC_00000478,Associate Professor,2022-06-16,Department of Physics,109816,Active,Tenured,Marine Science
FAC_00000479,Full Professor,2003-10-05,Department of Physics,257873,Active,Tenured,Marine Science
FAC_00000480,Associate Professor,2019-03-02,Department of Mathematics,100373,Active,Tenured,Marine Science
FAC_00000481,Full Professor,2007-04-01,Department of Physics,247932,Active,Tenured,Neuroscience
FAC_00000482,Assistant Professor,2004-01-10,Department of Statistics,115658,Active,Tenure-Track,Geology
FAC_00000483,Associate Professor,2018-05-19,Department of Astronomy,124290,On Leave,Tenured,Mathematics
FAC_00000484,Assistant Professor,2013-07-28,Marine Science Institute,87773,Active,Tenure-Track,Statistics
FAC_00000485,Assistant Professor,2007-05-13,Marine Science Institute,83547,Active,Tenure-Track,Astronomy
FAC_00000486,Assistant Professor,2008-02-05,Department of Mathematics,84144,Active,Tenure-Track,Astronomy
FAC_00000487,Assistant Professor,2004-12-20,Department of Biology,103845,Active,Tenure-Track,Geology
FAC_00000488,Assistant Professor,2005-04-19,Department of Physics,91497,Active,Tenure-Track,Physics
FAC_00000489,Lecturer,2018-01-27,Marine Science Institute,60996,Active,Non-Tenure-Track,Statistics
FAC_00000490,Lecturer,2015-01-05,Department of Biology,55399,Active,Non-Tenure-Track,Geology
FAC_00000491,Assistant Professor,2008-12-28,Department of Mathematics,96210,Active,Tenure-Track,Neuroscience
FAC_00000492,Full Professor,2015-06-04,Department of Astronomy,204885,Active,Tenured,Marine Science
FAC_00000493,Assistant Professor,2002-03-25,Department of Astronomy,114205,Active,Tenure-Track,Physics
FAC_00000494,Associate Professor,2020-02-07,Department of Chemistry,154696,Active,Tenured,Environmental Science
FAC_00000495,Adjunct,2009-12-28,Department of Geological Sciences,58891,Active,Non-Tenure-Track,Mathematics
FAC_00000496,Assistant Professor,2018-08-11,Marine Science Institute,75369,Active,Tenure-Track,Neuroscience
FAC_00000497,Associate Professor,2015-07-28,Department of Chemistry,149115,Active,Tenured,Physics
FAC_00000498,Lecturer,2018-06-17,Department of Mathematics,59881,Active,Non-Tenure-Track,Astronomy
FAC_00000499,Full Professor,2014-12-20,Department of Astronomy,204822,Active,Tenured,Mathematics
FAC_00000500,Full Professor,2005-07-07,Department of Geological Sciences,238042,Active,Tenured,Neuroscience
FAC_00000501,Full Professor,2008-06-19,Department of Chemistry,158480,Active,Tenured,Environmental Science
FAC_00000502,Associate Professor,2008-06-21,Department of Physics,155747,Active,Tenured,Mathematics
FAC_00000503,Assistant Professor,2009-11-27,Marine Science Institute,93930,Active,Tenure-Track,Geology
FAC_00000504,Full Professor,2002-08-01,Department of Astronomy,246853,Active,Tenured,Neuroscience
FAC_00000505,Adjunct,2006-09-14,Department of Physics,54963,Active,Non-Tenure-Track,Biology
FAC_00000506,Associate Professor,2003-02-19,Department of Statistics,155104,Active,Tenure-Track,Chemistry
FAC_00000507,Full Professor,2017-10-07,Department of Mathematics,228497,Active,Tenured,Biology
FAC_00000508,Full Professor,2021-02-09,Department of Physics,209778,Active,Tenured,Environmental Science
FAC_00000509,Assistant Professor,2011-12-12,Department of Statistics,118804,Active,Tenure-Track,Neuroscience
FAC_00000510,Associate Professor,2016-09-10,Department of Statistics,138207,On Leave,Tenured,Marine Science
FAC_00000511,Assistant Professor,2000-04-09,Marine Science Institute,107256,Active,Tenure-Track,Physics
FAC_00000512,Adjunct,2011-12-11,Department of Astronomy,35387,Active,Non-Tenure-Track,Geology
FAC_00000513,Assistant Professor,2019-07-13,Department of Mathematics,109311,Active,Tenure-Track,Environmental Science
FAC_00000514,Lecturer,2002-04-03,Department of Chemistry,50273,Active,Non-Tenure-Track,Environmental Science
FAC_00000515,Adjunct,2004-02-08,Department of Biology,45781,Active,Non-Tenure-Track,Neuroscience
FAC_00000516,Associate Professor,2021-09-18,Department of Astronomy,151232,Active,Tenured,Statistics
FAC_00000517,Associate Professor,2019-06-02,Department of Mathematics,135658,Active,Tenured,Geology
FAC_00000518,Adjunct,2024-04-10,Department of Statistics,59882,Active,Non-Tenure-Track,Marine Science
FAC_00000519,Lecturer,2009-03-07,Marine Science Institute,57385,On Leave,Non-Tenure-Track,Mathematics
FAC_00000520,Associate Professor,2010-07-06,Department of Mathematics,119770,Active,Tenured,Geology
FAC_00000521,Associate Professor,2001-11-24,Department of Astronomy,104201,Active,Tenured,Neuroscience
FAC_00000522,Lecturer,2020-03-02,Department of Biology,74639,Active,Non-Tenure-Track,Astronomy
FAC_00000523,Lecturer,2000-04-07,Department of Geological Sciences,65539,Active,Non-Tenure-Track,Geology
FAC_00000524,Assistant Professor,2010-05-15,Department of Mathematics,95783,Active,Tenure-Track,Physics
FAC_00000525,Associate Professor,2012-05-06,Marine Science Institute,129564,Active,Tenured,Astronomy
FAC_00000526,Assistant Professor,2020-05-14,Department of Physics,102396,Active,Tenure-Track,Astronomy
FAC_00000527,Assistant Professor,2015-04-21,Department of Statistics,111122,Active,Tenure-Track,Neuroscience
FAC_00000528,Assistant Professor,2000-02-01,Marine Science Institute,76841,Active,Tenure-Track,Neuroscience
FAC_00000529,Full Professor,2019-05-08,Marine Science Institute,200439,Active,Tenured,Astronomy
FAC_00000530,Assistant Professor,2019-11-15,Department of Statistics,118261,Active,Tenure-Track,Astronomy
FAC_00000531,Full Professor,2009-12-19,Department of Biology,192583,Active,Tenured,Physics
FAC_00000532,Full Professor,2021-07-17,Department of Mathematics,269353,On Leave,Tenured,Environmental Science
FAC_00000533,Associate Professor,2008-12-23,Department of Mathematics,159514,Active,Tenured,Environmental Science
FAC_00000534,Associate Professor,2024-11-26,Department of Mathematics,116373,Active,Tenure-Track,Physics
FAC_00000535,Full Professor,2020-11-13,Department of Physics,264185,Active,Tenured,Astronomy
FAC_00000536,Associate Professor,2020-09-27,Department of Physics,120789,Active,Tenured,Biology
FAC_00000537,Assistant Professor,2002-01-02,Department of Physics,93541,Active,Tenure-Track,Statistics
FAC_00000538,Associate Professor,2005-09-26,Department of Statistics,113090,Active,Tenured,Neuroscience
FAC_00000539,Assistant Professor,2014-11-11,Department of Geological Sciences,78697,Active,Tenure-Track,Astronomy
FAC_00000540,Assistant Professor,2024-12-23,Department of Geological Sciences,117338,Active,Tenure-Track,Environmental Science
FAC_00000541,Associate Professor,2003-03-19,Department of Biology,127343,Active,Tenured,Marine Science
FAC_00000542,Associate Professor,2010-05-13,Department of Statistics,158844,Active,Tenured,Environmental Science
FAC_00000543,Assistant Professor,2020-10-02,Department of Geological Sciences,114824,Active,Tenure-Track,Mathematics
FAC_00000544,Full Professor,2018-03-26,Department of Statistics,144029,On Leave,Tenured,Biology
FAC_00000545,Assistant Professor,2024-11-03,Department of Geological Sciences,91065,Active,Tenure-Track,Marine Science
FAC_00000546,Associate Professor,2005-11-22,Department of Chemistry,153851,Active,Tenured,Statistics
FAC_00000547,Lecturer,2005-08-15,Marine Science Institute,87932,Active,Non-Tenure-Track,Mathematics
FAC_00000548,Associate Professor,2013-05-03,Department of Biology,144627,Active,Tenured,Statistics
FAC_00000549,Lecturer,2002-08-09,Department of Biology,56822,Active,Non-Tenure-Track,Physics
FAC_00000550,Associate Professor,2006-04-02,Department of Mathematics,108773,On Leave,Tenure-Track,Statistics
FAC_00000551,Associate Professor,2019-05-07,Department of Statistics,130190,Active,Tenured,Environmental Science
FAC_00000552,Assistant Professor,2015-06-02,Department of Biology,101567,Active,Tenure-Track,Physics
FAC_00000553,Full Professor,2006-03-08,Department of Geological Sciences,263273,Active,Tenured,Biology
FAC_00000554,Associate Professor,2013-09-26,Department of Statistics,122974,Active,Tenured,Chemistry
FAC_00000555,Associate Professor,2017-06-02,Department of Mathematics,144840,Active,Tenured,Mathematics
FAC_00000556,Full Professor,2011-03-06,Marine Science Institute,149897,Active,Tenured,Mathematics
FAC_00000557,Associate Professor,2015-09-20,Marine Science Institute,117008,Active,Tenured,Chemistry
FAC_00000558,Associate Professor,2006-05-14,Department of Chemistry,153791,Active,Tenure-Track,Neuroscience
FAC_00000559,Full Professor,2020-07-11,Department of Physics,204494,Active,Tenured,Astronomy
FAC_00000560,Full Professor,2014-03-15,Department of Geological Sciences,279444,Active,Tenured,Physics
FAC_00000561,Full Professor,2010-06-24,Department of Statistics,197440,Active,Tenured,Mathematics
FAC_00000562,Associate Professor,2021-03-07,Marine Science Institute,127310,Active,Tenured,Environmental Science
FAC_00000563,Full Professor,2001-04-05,Department of Physics,153951,Active,Tenured,Astronomy
FAC_00000564,Full Professor,2004-09-05,Department of Astronomy,206138,Active,Tenured,Biology
FAC_00000565,Associate Professor,2009-10-26,Department of Biology,139128,Active,Tenured,Physics
FAC_00000566,Assistant Professor,2008-04-01,Department of Physics,93617,On Leave,Tenure-Track,Physics
FAC_00000567,Assistant Professor,2013-03-01,Department of Geological Sciences,117157,Active,Tenure-Track,Statistics
FAC_00000568,Full Professor,2003-03-11,Marine Science Institute,137175,Active,Tenured,Astronomy
FAC_00000569,Assistant Professor,2002-07-19,Department of Geological Sciences,81054,Active,Tenure-Track,Statistics
FAC_00000570,Assistant Professor,2003-02-07,Department of Biology,77821,Active,Tenure-Track,Biology
FAC_00000571,Assistant Professor,2010-04-01,Department of Astronomy,104606,Active,Tenure-Track,Environmental Science
FAC_00000572,Assistant Professor,2019-04-01,Marine Science Institute,100244,Active,Tenure-Track,Environmental Science
FAC_00000573,Assistant Professor,2007-04-07,Department of Mathematics,86216,Active,Tenure-Track,Environmental Science
FAC_00000574,Assistant Professor,2002-05-14,Department of Geological Sciences,83434,Active,Tenure-Track,Chemistry
FAC_00000575,Associate Professor,2002-08-15,Department of Statistics,151621,Active,Tenured,Astronomy
FAC_00000576,Assistant Professor,2011-02-24,Department of Biology,102902,Active,Tenure-Track,Chemistry
FAC_00000577,Associate Professor,2019-12-04,Marine Science Institute,104642,Active,Tenured,Physics
FAC_00000578,Assistant Professor,2008-11-14,Department of Astronomy,111038,Active,Tenure-Track,Marine Science
FAC_00000579,Assistant Professor,2019-08-12,Marine Science Institute,87715,Active,Tenure-Track,Geology
FAC_00000580,Assistant Professor,2023-01-15,Department of Biology,77180,Active,Tenure-Track,Physics
FAC_00000581,Full Professor,2013-07-05,Department of Mathematics,225930,Active,Tenured,Biology
FAC_00000582,Assistant Professor,2022-08-20,Department of Astronomy,72191,Active,Tenure-Track,Astronomy
FAC_00000583,Full Professor,2014-10-12,Department of Geological Sciences,255242,Active,Tenured,Astronomy
FAC_00000584,Assistant Professor,2018-06-08,Department of Statistics,107851,Active,Tenure-Track,Astronomy
FAC_00000585,Assistant Professor,2022-12-02,Marine Science Institute,105110,Active,Tenure-Track,Marine Science
FAC_00000586,Assistant Professor,2004-03-09,Department of Chemistry,100526,Active,Tenure-Track,Geology
FAC_00000587,Lecturer,2020-11-12,Department of Biology,56891,Active,Non-Tenure-Track,Mathematics
FAC_00000588,Full Professor,2018-04-02,Department of Astronomy,216208,Active,Tenured,Statistics
FAC_00000589,Full Professor,2016-02-06,Department of Mathematics,277125,Active,Tenured,Geology
FAC_00000590,Full Professor,2012-04-24,Department of Chemistry,130681,Active,Tenured,Marine Science
FAC_00000591,Assistant Professor,2017-10-18,Department of Chemistry,81316,On Leave,Tenure-Track,Marine Science
FAC_00000592,Assistant Professor,2015-05-27,Department of Astronomy,103709,On Leave,Tenure-Track,Geology
FAC_00000593,Associate Professor,2002-08-06,Department of Geological Sciences,119311,Active,Tenured,Biology
FAC_00000594,Full Professor,2002-04-01,Department of Mathematics,177429,Active,Tenured,Geology
FAC_00000595,Lecturer,2012-04-09,Department of Statistics,67874,Active,Non-Tenure-Track,Neuroscience
FAC_00000596,Assistant Professor,2021-12-26,Department of Chemistry,70389,Active,Tenure-Track,Biology
FAC_00000597,Associate Professor,2002-03-02,Department of Geological Sciences,154758,Active,Tenure-Track,Biology
FAC_00000598,Associate Professor,2019-03-18,Department of Geological Sciences,111929,Active,Tenured,Statistics
FAC_00000599,Full Professor,2010-05-15,Department of Astronomy,217890,Active,Tenured,Chemistry
FAC_00000600,Adjunct,2011-02-26,Department of Statistics,36408,Active,Non-Tenure-Track,Neuroscience
FAC_00000601,Assistant Professor,2010-10-26,Department of Biology,116673,Active,Tenure-Track,Chemistry
FAC_00000602,Lecturer,2001-12-26,Department of Astronomy,65524,Active,Non-Tenure-Track,Statistics
FAC_00000603,Full Professor,2011-01-03,Marine Science Institute,258483,Active,Tenured,Neuroscience
FAC_00000604,Adjunct,2010-08-23,Department of Physics,40493,Active,Non-Tenure-Track,Environmental Science
FAC_00000605,Associate Professor,2001-03-06,Department of Physics,152220,Active,Tenured,Neuroscience
FAC_00000606,Assistant Professor,2017-11-26,Department of Mathematics,113829,Active,Tenure-Track,Physics
FAC_00000607,Assistant Professor,2017-03-10,Marine Science Institute,110781,On Leave,Tenure-Track,Environmental Science
FAC_00000608,Full Professor,2020-01-12,Department of Geological Sciences,204621,Active,Tenured,Physics
FAC_00000609,Assistant Professor,2017-01-15,Marine Science Institute,113673,Active,Tenure-Track,Mathematics
FAC_00000610,Associate Professor,2014-12-14,Department of Statistics,134803,Active,Tenure-Track,Biology
FAC_00000611,Assistant Professor,2018-05-22,Department of Geological Sciences,97673,Active,Tenure-Track,Marine Science
FAC_00000612,Assistant Professor,2020-09-15,Department of Astronomy,118559,Active,Tenure-Track,Biology
FAC_00000613,Associate Professor,2014-12-25,Department of Chemistry,107290,Active,Tenure-Track,Physics
FAC_00000614,Associate Professor,2023-02-27,Department of Chemistry,152179,Active,Tenured,Marine Science
FAC_00000615,Associate Professor,2019-08-21,Marine Science Institute,126230,Active,Tenured,Statistics
FAC_00000616,Assistant Professor,2023-11-23,Department of Chemistry,91456,Active,Tenure-Track,Mathematics
FAC_00000617,Full Professor,2003-08-11,Marine Science Institute,161648,Active,Tenured,Statistics
FAC_00000618,Assistant Professor,2001-05-14,Marine Science Institute,71596,Active,Tenure-Track,Environmental Science
FAC_00000619,Assistant Professor,2020-02-20,Marine Science Institute,102652,Active,Tenure-Track,Physics
FAC_00000620,Full Professor,2011-10-28,Marine Science Institute,190783,Active,Tenured,Chemistry
FAC_00000621,Lecturer,2014-03-09,Department of Astronomy,63977,Active,Non-Tenure-Track,Chemistry
FAC_00000622,Assistant Professor,2001-01-13,Department of Statistics,119929,Active,Tenure-Track,Biology
FAC_00000623,Lecturer,2009-06-21,Department of Astronomy,59957,Active,Non-Tenure-Track,Marine Science
FAC_00000624,Assistant Professor,2006-09-08,Marine Science Institute,74650,On Leave,Tenure-Track,Marine Science
FAC_00000625,Assistant Professor,2014-09-28,Marine Science Institute,89597,Active,Tenure-Track,Chemistry
FAC_00000626,Associate Professor,2010-08-05,Department of Physics,153143,Active,Tenured,Environmental Science
FAC_00000627,Full Professor,2021-11-16,Department of Biology,257810,Active,Tenured,Geology
FAC_00000628,Assistant Professor,2011-11-05,Department of Biology,97769,Active,Tenure-Track,Statistics
FAC_00000629,Associate Professor,2019-06-17,Marine Science Institute,150242,Active,Tenured,Astronomy
FAC_00000630,Full Professor,2016-02-06,Department of Biology,141125,Active,Tenured,Physics
FAC_00000631,Assistant Professor,2015-03-11,Department of Biology,97311,Active,Tenure-Track,Biology
FAC_00000632,Assistant Professor,2008-10-02,Marine Science Institute,113496,Active,Tenure-Track,Mathematics
FAC_00000633,Assistant Professor,2012-10-26,Marine Science Institute,101087,Active,Tenure-Track,Environmental Science
FAC_00000634,Assistant Professor,2010-12-11,Department of Statistics,118335,Active,Tenure-Track,Physics
FAC_00000635,Associate Professor,2002-07-13,Department of Chemistry,124837,Active,Tenured,Statistics
FAC_00000636,Associate Professor,2004-09-10,Department of Biology,143307,On Leave,Tenured,Physics
FAC_00000637,Lecturer,2007-12-09,Department of Mathematics,72524,Active,Non-Tenure-Track,Chemistry
FAC_00000638,Assistant Professor,2013-09-24,Department of Statistics,70770,Active,Tenure-Track,Astronomy
FAC_00000639,Assistant Professor,2000-12-05,Department of Physics,71658,Active,Tenure-Track,Chemistry
FAC_00000640,Associate Professor,2006-04-16,Department of Astronomy,148057,Active,Tenured,Neuroscience
FAC_00000641,Lecturer,2018-04-21,Department of Biology,66761,Active,Non-Tenure-Track,Biology
FAC_00000642,Lecturer,2010-04-15,Department of Mathematics,87726,Active,Non-Tenure-Track,Neuroscience
FAC_00000643,Adjunct,2021-10-25,Marine Science Institute,51293,Active,Non-Tenure-Track,Chemistry
FAC_00000644,Lecturer,2009-02-26,Department of Biology,58993,Active,Non-Tenure-Track,Biology
FAC_00000645,Lecturer,2010-03-04,Department of Biology,65304,Active,Non-Tenure-Track,Chemistry
FAC_00000646,Assistant Professor,2007-03-03,Department of Physics,110259,Active,Tenure-Track,Chemistry
FAC_00000647,Associate Professor,2023-02-02,Department of Chemistry,140116,Active,Tenured,Marine Science
FAC_00000648,Assistant Professor,2003-02-17,Department of Statistics,100946,Active,Tenure-Track,Mathematics
FAC_00000649,Assistant Professor,2009-08-17,Department of Physics,100176,Active,Tenure-Track,Marine Science
FAC_00000650,Associate Professor,2011-01-08,Department of Astronomy,146867,Active,Tenured,Environmental Science
FAC_00000651,Full Professor,2001-12-12,Department of Biology,171299,Active,Tenured,Marine Science
FAC_00000652,Adjunct,2014-12-18,Department of Chemistry,57754,Active,Non-Tenure-Track,Neuroscience
FAC_00000653,Associate Professor,2009-07-26,Marine Science Institute,106000,Active,Tenure-Track,Physics
FAC_00000654,Associate Professor,2023-12-20,Department of Chemistry,131978,Active,Tenure-Track,Neuroscience
FAC_00000655,Lecturer,2022-01-22,Department of Physics,88307,Active,Non-Tenure-Track,Statistics
FAC_00000656,Associate Professor,2015-02-15,Marine Science Institute,146787,Active,Tenured,Biology
FAC_00000657,Assistant Professor,2007-01-28,Department of Biology,79531,Active,Tenure-Track,Biology
FAC_00000658,Full Professor,2015-08-10,Department of Biology,196721,Active,Tenured,Mathematics
FAC_00000659,Associate Professor,2007-12-02,Department of Statistics,127296,Active,Tenure-Track,Physics
FAC_00000660,Assistant Professor,2018-11-08,Department of Physics,109344,Active,Tenure-Track,Geology
FAC_00000661,Full Professor,2007-10-05,Department of Geological Sciences,192493,Active,Tenured,Mathematics
FAC_00000662,Associate Professor,2020-06-04,Department of Astronomy,108287,Active,Tenured,Environmental Science
FAC_00000663,Assistant Professor,2011-10-20,Department of Astronomy,78034,Active,Tenure-Track,Physics
FAC_00000664,Full Professor,2015-10-09,Department of Astronomy,277785,Active,Tenured,Geology
FAC_00000665,Associate Professor,2015-12-12,Department of Mathematics,150230,Active,Tenured,Statistics
FAC_00000666,Adjunct,2006-03-20,Department of Mathematics,35754,Active,Non-Tenure-Track,Neuroscience
FAC_00000667,Assistant Professor,2014-06-24,Department of Mathematics,98473,Active,Tenure-Track,Biology
FAC_00000668,Associate Professor,2021-02-16,Department of Statistics,124669,Active,Tenured,Geology
FAC_00000669,Assistant Professor,2002-02-06,Department of Biology,91040,Active,Tenure-Track,Neuroscience
FAC_00000670,Lecturer,2020-03-05,Department of Biology,62277,Active,Non-Tenure-Track,Mathematics
FAC_00000671,Lecturer,2001-08-13,Department of Mathematics,62697,Active,Non-Tenure-Track,Marine Science
FAC_00000672,Assistant Professor,2018-12-09,Department of Physics,116397,Active,Tenure-Track,Biology
FAC_00000673,Associate Professor,2000-04-08,Department of Statistics,146323,Active,Tenured,Statistics
FAC_00000674,Full Professor,2005-09-15,Department of Astronomy,179736,On Leave,Tenured,Statistics
FAC_00000675,Lecturer,2017-03-06,Department of Statistics,74943,Active,Non-Tenure-Track,Geology
FAC_00000676,Full Professor,2006-01-12,Department of Chemistry,190213,Active,Tenured,Geology
FAC_00000677,Assistant Professor,2013-05-05,Department of Geological Sciences,108853,Active,Tenure-Track,Mathematics
FAC_00000678,Full Professor,2017-03-04,Department of Chemistry,238606,Active,Tenured,Physics
FAC_00000679,Associate Professor,2012-07-06,Department of Biology,153152,Active,Tenured,Geology
FAC_00000680,Assistant Professor,2014-07-22,Department of Chemistry,79886,Active,Tenure-Track,Astronomy
FAC_00000681,Associate Professor,2011-06-22,Department of Chemistry,114028,Active,Tenured,Chemistry
FAC_00000682,Full Professor,2024-05-19,Department of Astronomy,156349,Active,Tenured,Marine Science
FAC_00000683,Assistant Professor,2016-11-13,Department of Geological Sciences,79947,Active,Tenure-Track,Mathematics
FAC_00000684,Associate Professor,2009-04-07,Department of Chemistry,134854,Active,Tenured,Marine Science
FAC_00000685,Assistant Professor,2020-12-24,Department of Physics,90973,Active,Tenure-Track,Biology
FAC_00000686,Full Professor,2002-01-23,Department of Geological Sciences,175164,Active,Tenured,Mathematics
FAC_00000687,Lecturer,2024-09-27,Department of Physics,51033,On Leave,Non-Tenure-Track,Astronomy
FAC_00000688,Lecturer,2016-04-07,Department of Astronomy,61051,Active,Non-Tenure-Track,Statistics
FAC_00000689,Assistant Professor,2015-05-10,Department of Astronomy,105622,Active,Tenure-Track,Environmental Science
FAC_00000690,Associate Professor,2005-05-15,Marine Science Institute,148221,Active,Tenured,Physics
FAC_00000691,Lecturer,2023-01-10,Department of Chemistry,74198,Active,Non-Tenure-Track,Mathematics
FAC_00000692,Assistant Professor,2002-09-27,Department of Biology,96131,Active,Tenure-Track,Astronomy
FAC_00000693,Associate Professor,2017-09-16,Department of Astronomy,109761,Active,Tenure-Track,Geology
FAC_00000694,Full Professor,2021-09-20,Department of Statistics,278790,Active,Tenured,Environmental Science
FAC_00000695,Assistant Professor,2002-10-11,Department of Geological Sciences,108792,Active,Tenure-Track,Environmental Science
FAC_00000696,Assistant Professor,2020-01-09,Department of Physics,91774,Active,Tenure-Track,Marine Science
FAC_00000697,Associate Professor,2004-08-01,Department of Astronomy,126769,Active,Tenure-Track,Biology
FAC_00000698,Full Professor,2002-03-01,Department of Geological Sciences,267761,Active,Tenured,Astronomy
FAC_00000699,Associate Professor,2014-06-20,Department of Geological Sciences,126311,Active,Tenured,Chemistry
